-- MySQL dump 10.13  Distrib 8.0.38, for Win64 (x86_64)
--
-- Host: 127.0.0.1    Database: bmsbank
-- ------------------------------------------------------
-- Server version	8.4.0

/*!40101 SET @OLD_CHARACTER_SET_CLIENT=@@CHARACTER_SET_CLIENT */;
/*!40101 SET @OLD_CHARACTER_SET_RESULTS=@@CHARACTER_SET_RESULTS */;
/*!40101 SET @OLD_COLLATION_CONNECTION=@@COLLATION_CONNECTION */;
/*!50503 SET NAMES utf8 */;
/*!40103 SET @OLD_TIME_ZONE=@@TIME_ZONE */;
/*!40103 SET TIME_ZONE='+00:00' */;
/*!40014 SET @OLD_UNIQUE_CHECKS=@@UNIQUE_CHECKS, UNIQUE_CHECKS=0 */;
/*!40014 SET @OLD_FOREIGN_KEY_CHECKS=@@FOREIGN_KEY_CHECKS, FOREIGN_KEY_CHECKS=0 */;
/*!40101 SET @OLD_SQL_MODE=@@SQL_MODE, SQL_MODE='NO_AUTO_VALUE_ON_ZERO' */;
/*!40111 SET @OLD_SQL_NOTES=@@SQL_NOTES, SQL_NOTES=0 */;

--
-- Table structure for table `loans`
--

DROP TABLE IF EXISTS `loans`;
/*!40101 SET @saved_cs_client     = @@character_set_client */;
/*!50503 SET character_set_client = utf8mb4 */;
CREATE TABLE `loans` (
  `id` bigint NOT NULL AUTO_INCREMENT,
  `duration_in_months` double NOT NULL,
  `end_date` date DEFAULT NULL,
  `interest_rate` float NOT NULL,
  `loan_amount` double NOT NULL,
  `monthly_payment` double NOT NULL,
  `start_date` date DEFAULT NULL,
  `status` bit(1) NOT NULL,
  `user_id` bigint DEFAULT NULL,
  `loan_type` varchar(255) DEFAULT NULL,
  PRIMARY KEY (`id`),
  KEY `FK6xxlcjc0rqtn5nq28vjnx5t9d` (`user_id`),
  CONSTRAINT `FK6xxlcjc0rqtn5nq28vjnx5t9d` FOREIGN KEY (`user_id`) REFERENCES `users` (`id`)
) ENGINE=InnoDB AUTO_INCREMENT=3 DEFAULT CHARSET=utf8mb4 COLLATE=utf8mb4_0900_ai_ci;
/*!40101 SET character_set_client = @saved_cs_client */;

--
-- Dumping data for table `loans`
--

LOCK TABLES `loans` WRITE;
/*!40000 ALTER TABLE `loans` DISABLE KEYS */;
INSERT INTO `loans` VALUES (1,12,'2039-10-01',10,20000,166.66666666666666,'2024-10-01',_binary '',1,'Home Loan'),(2,12,'2039-10-01',10,100000,833.3333333333334,'2024-10-01',_binary '',2,'Home Loan');
/*!40000 ALTER TABLE `loans` ENABLE KEYS */;
UNLOCK TABLES;

--
-- Table structure for table `token`
--

DROP TABLE IF EXISTS `token`;
/*!40101 SET @saved_cs_client     = @@character_set_client */;
/*!50503 SET character_set_client = utf8mb4 */;
CREATE TABLE `token` (
  `id` int NOT NULL AUTO_INCREMENT,
  `is_logged_out` bit(1) DEFAULT NULL,
  `token` varchar(255) DEFAULT NULL,
  `user_id` bigint DEFAULT NULL,
  PRIMARY KEY (`id`),
  KEY `FKj8rfw4x0wjjyibfqq566j4qng` (`user_id`),
  CONSTRAINT `FKj8rfw4x0wjjyibfqq566j4qng` FOREIGN KEY (`user_id`) REFERENCES `users` (`id`)
) ENGINE=InnoDB AUTO_INCREMENT=31 DEFAULT CHARSET=utf8mb4 COLLATE=utf8mb4_0900_ai_ci;
/*!40101 SET character_set_client = @saved_cs_client */;

--
-- Dumping data for table `token`
--

LOCK TABLES `token` WRITE;
/*!40000 ALTER TABLE `token` DISABLE KEYS */;
INSERT INTO `token` VALUES (1,_binary '','eyJhbGciOiJIUzI1NiJ9.eyJzdWIiOiJqb2huLmRvZUBleGFtcGxlLmNvbSIsImlhdCI6MTcyNzA4MzI2MSwiZXhwIjoxNzI3MTY5NjYxfQ.brPXhsgqRuAHB2MoFBgUdy29jMKTdyqxg4TjKeHtSME',1),(2,_binary '\0','eyJhbGciOiJIUzI1NiJ9.eyJzdWIiOiJrYW1ydWxAZ21haWwuY29tIiwiaWF0IjoxNzI3MDgzMjk1LCJleHAiOjE3MjcxNjk2OTV9.bpt9ogh0zPYjBt81BzrpTz9GrO6UG4lntVctwbPqFMw',6),(3,_binary '','eyJhbGciOiJIUzI1NiJ9.eyJzdWIiOiJqb2huLmRvZUBleGFtcGxlLmNvbSIsImlhdCI6MTcyNzA4MzQyNiwiZXhwIjoxNzI3MTY5ODI2fQ.4SmCFZOo7yoyqWAijseJe5SH8B7rP-o_FUWXLVdTX2w',1),(4,_binary '','eyJhbGciOiJIUzI1NiJ9.eyJzdWIiOiJqb2huLmRvZUBleGFtcGxlLmNvbSIsImlhdCI6MTcyNzA4ODQxOSwiZXhwIjoxNzI3MTc0ODE5fQ.5rJ4FZqw4bIJ3tZMfZQ0ujwEczTKTMAJDRzSi0TSHDQ',1),(5,_binary '','eyJhbGciOiJIUzI1NiJ9.eyJzdWIiOiJqb2huLmRvZUBleGFtcGxlLmNvbSIsImlhdCI6MTcyNzA4OTI2NywiZXhwIjoxNzI3MTc1NjY3fQ.Vp_6iF0WBgx1mA5m322vKwQTNFTFIgiSEOkYfHz-Imo',1),(6,_binary '','eyJhbGciOiJIUzI1NiJ9.eyJzdWIiOiJqb2huLmRvZUBleGFtcGxlLmNvbSIsImlhdCI6MTcyNzA4OTM3NywiZXhwIjoxNzI3MTc1Nzc3fQ.4zI3QAEa-wGJOgHeo0wRIPKAAIZr5MTrP9bu1w7X1CU',1),(7,_binary '','eyJhbGciOiJIUzI1NiJ9.eyJzdWIiOiJqb2huLmRvZUBleGFtcGxlLmNvbSIsImlhdCI6MTcyNzA4OTQ0NiwiZXhwIjoxNzI3MTc1ODQ2fQ.qKZyQmWQf-CM9wDYzGKmJ5IVSKdtQIbiUztqRrHzgLg',1),(8,_binary '','eyJhbGciOiJIUzI1NiJ9.eyJzdWIiOiJqb2huLmRvZUBleGFtcGxlLmNvbSIsImlhdCI6MTcyNzA4OTc3NCwiZXhwIjoxNzI3MTc2MTc0fQ.yxj6KsO0BLD8rS-jlto2lR_ly4wH7mM1Jzj8jgiKYes',1),(9,_binary '','eyJhbGciOiJIUzI1NiJ9.eyJzdWIiOiJqb2huLmRvZUBleGFtcGxlLmNvbSIsImlhdCI6MTcyNzA5MTQ4MiwiZXhwIjoxNzI3MTc3ODgyfQ.MurktWk65GTLMAjLRYBLyeGGm5XAVpdPSjV1G8r4i-4',1),(10,_binary '','eyJhbGciOiJIUzI1NiJ9.eyJzdWIiOiJqb2huLmRvZUBleGFtcGxlLmNvbSIsImlhdCI6MTcyNzA5MTk3NSwiZXhwIjoxNzI3MTc4Mzc1fQ.2fxVAxlYrcvy2lL8JeeEz6IDQItOrtPL0svkH0YBhqY',1),(11,_binary '','eyJhbGciOiJIUzI1NiJ9.eyJzdWIiOiJqb2huLmRvZUBleGFtcGxlLmNvbSIsImlhdCI6MTcyNzA5MjU1NSwiZXhwIjoxNzI3MTc4OTU1fQ.6z5JXx6T-ZGF-RXKbIvlklDjizdj9TsNHyuGiYvtQDY',1),(12,_binary '','eyJhbGciOiJIUzI1NiJ9.eyJzdWIiOiJqb2huLmRvZUBleGFtcGxlLmNvbSIsImlhdCI6MTcyNzA5MzUwNywiZXhwIjoxNzI3MTc5OTA3fQ.Cs_5-Coc5MiRp5bPqdunp6USxZii0i6nkNpehBAeC8k',1),(13,_binary '','eyJhbGciOiJIUzI1NiJ9.eyJzdWIiOiJqb2huLmRvZUBleGFtcGxlLmNvbSIsImlhdCI6MTcyNzA5Mzc4OCwiZXhwIjoxNzI3MTgwMTg4fQ.hAQAjEoeL3YaYI6uTXzjbFVKxK8Qj5Y5YUyp0etKXFU',1),(14,_binary '','eyJhbGciOiJIUzI1NiJ9.eyJzdWIiOiJqb2huLmRvZUBleGFtcGxlLmNvbSIsImlhdCI6MTcyNzA5NDYwMiwiZXhwIjoxNzI3MTgxMDAyfQ.q8XczdcthyetOSyQGlq7wsSnyiXPJm-tiYItnMJZoH0',1),(15,_binary '','eyJhbGciOiJIUzI1NiJ9.eyJzdWIiOiJqb2huLmRvZUBleGFtcGxlLmNvbSIsImlhdCI6MTcyNzA5NDgwNiwiZXhwIjoxNzI3MTgxMjA2fQ.lGpnZGAtC6hAqfUiRpzs3VLWS2bE4i_yRjNlUQTHhRg',1),(16,_binary '','eyJhbGciOiJIUzI1NiJ9.eyJzdWIiOiJqb2huLmRvZUBleGFtcGxlLmNvbSIsImlhdCI6MTcyNzA5NDk1OCwiZXhwIjoxNzI3MTgxMzU4fQ.Ie9EK9rPqhzMBO_HAi_4Juqg6gHxjAoquhX8ns7_AO8',1),(17,_binary '','eyJhbGciOiJIUzI1NiJ9.eyJzdWIiOiJqb2huLmRvZUBleGFtcGxlLmNvbSIsImlhdCI6MTcyNzEwNjc4NSwiZXhwIjoxNzI3MTkzMTg1fQ.N8R01yFhZpjSNpIXUgKmi94WiXTr_YIUP1VIwH110AA',1),(18,_binary '','eyJhbGciOiJIUzI1NiJ9.eyJzdWIiOiJqb2huLmRvZUBleGFtcGxlLmNvbSIsImlhdCI6MTcyNzEwNjk2MSwiZXhwIjoxNzI3MTkzMzYxfQ.aqcCBxRxqjM8TP45WEIk7QCnJsJct2vD2sxuDExaS2Q',1),(19,_binary '','eyJhbGciOiJIUzI1NiJ9.eyJzdWIiOiJqb2huLmRvZUBleGFtcGxlLmNvbSIsImlhdCI6MTcyNzEwNzA3NCwiZXhwIjoxNzI3MTkzNDc0fQ.Qx4fJJk2VmMvSFTbsQACy0xXNJpNVTKytUFRrV3NKfg',1),(20,_binary '','eyJhbGciOiJIUzI1NiJ9.eyJzdWIiOiJqb2huLmRvZUBleGFtcGxlLmNvbSIsImlhdCI6MTcyNzEwNzIzNywiZXhwIjoxNzI3MTkzNjM3fQ.ssgBU05G49P0rLaaQT3jAQWAmPCwu0veWOV0qWujvPY',1),(21,_binary '','eyJhbGciOiJIUzI1NiJ9.eyJzdWIiOiJqb2huLmRvZUBleGFtcGxlLmNvbSIsImlhdCI6MTcyNzEwNzMyOSwiZXhwIjoxNzI3MTkzNzI5fQ.6kS1jAYCN2DkbNuj1tR1BHpUaSSjTNZhozNQug4ldGk',1),(22,_binary '','eyJhbGciOiJIUzI1NiJ9.eyJzdWIiOiJqb2huLmRvZUBleGFtcGxlLmNvbSIsImlhdCI6MTcyNzEwNzQzOSwiZXhwIjoxNzI3MTkzODM5fQ.p6_hEM3mfSRVacv_PpNz7MRai3eaJeKU1GJB-xhfJzE',1),(23,_binary '','eyJhbGciOiJIUzI1NiJ9.eyJzdWIiOiJqb2huLmRvZUBleGFtcGxlLmNvbSIsImlhdCI6MTcyNzEwNzQ5NywiZXhwIjoxNzI3MTkzODk3fQ.xGu00WWc1o1INyqTcjkKbH2aiFx2IBzQJ-LmwyJyXOA',1),(24,_binary '','eyJhbGciOiJIUzI1NiJ9.eyJzdWIiOiJqb2huLmRvZUBleGFtcGxlLmNvbSIsImlhdCI6MTcyNzEwODYxNCwiZXhwIjoxNzI3MTk1MDE0fQ.V7MrJk17mfkLmR0MSrKyG-NDQzqgur4pUqROA-GqVOE',1),(25,_binary '\0','eyJhbGciOiJIUzI1NiJ9.eyJzdWIiOiJudXNyYXRAZXhhbXBsZS5jb20iLCJpYXQiOjE3MjcxMDg3MDksImV4cCI6MTcyNzE5NTEwOX0.fqf1q_5XBIBmU9b3t2x4i8y8Yd-5eFMtU_vdrwVKw5A',2),(26,_binary '\0','eyJhbGciOiJIUzI1NiJ9.eyJzdWIiOiJyYWp1QGdtYWlsLmNvbSIsImlhdCI6MTcyNzEwODc1MSwiZXhwIjoxNzI3MTk1MTUxfQ.UI_CmrxcB6rctV7J8yc2LEMV01CthwakXsBDjb5NN4w',5),(27,_binary '','eyJhbGciOiJIUzI1NiJ9.eyJzdWIiOiJqb2huLmRvZUBleGFtcGxlLmNvbSIsImlhdCI6MTcyNzEwOTMxMiwiZXhwIjoxNzI3MTk1NzEyfQ.qqwsuvKAyWrDMYMpl7blkbuiC59_luvXJxL5F2T2HgQ',1),(28,_binary '','eyJhbGciOiJIUzI1NiJ9.eyJzdWIiOiJqb2huLmRvZUBleGFtcGxlLmNvbSIsImlhdCI6MTcyNzExMDExMiwiZXhwIjoxNzI3MTk2NTEyfQ.BgRns_WVm1jE23jInQgBvFIcWHmNhiZXWPjGlwkeNWs',1),(29,_binary '','eyJhbGciOiJIUzI1NiJ9.eyJzdWIiOiJqb2huLmRvZUBleGFtcGxlLmNvbSIsImlhdCI6MTcyNzExMTQ1MiwiZXhwIjoxNzI3MTk3ODUyfQ.S-SMITBpTom65o4ijjJqmxHl0t756KfYnN5ooXfDKNM',1),(30,_binary '\0','eyJhbGciOiJIUzI1NiJ9.eyJzdWIiOiJqb2huLmRvZUBleGFtcGxlLmNvbSIsImlhdCI6MTcyNzExNjA4MCwiZXhwIjoxNzI3MjAyNDgwfQ.27fxdD3DPZV8arVkWE2esEM2AY8kvNphGw8abC3MoHQ',1);
/*!40000 ALTER TABLE `token` ENABLE KEYS */;
UNLOCK TABLES;

--
-- Table structure for table `transactions`
--

DROP TABLE IF EXISTS `transactions`;
/*!40101 SET @saved_cs_client     = @@character_set_client */;
/*!50503 SET character_set_client = utf8mb4 */;
CREATE TABLE `transactions` (
  `id` bigint NOT NULL AUTO_INCREMENT,
  `amount` double NOT NULL,
  `balance` double NOT NULL,
  `description` varchar(255) DEFAULT NULL,
  `status` bit(1) NOT NULL,
  `target_account_number` varchar(255) DEFAULT NULL,
  `transaction_date` datetime(6) DEFAULT NULL,
  `transaction_type` enum('DEPOSIT','FUND_TRANSFER','WITHDRAW') DEFAULT NULL,
  `user_id` bigint DEFAULT NULL,
  PRIMARY KEY (`id`),
  KEY `FKqwv7rmvc8va8rep7piikrojds` (`user_id`),
  CONSTRAINT `FKqwv7rmvc8va8rep7piikrojds` FOREIGN KEY (`user_id`) REFERENCES `users` (`id`)
) ENGINE=InnoDB AUTO_INCREMENT=26 DEFAULT CHARSET=utf8mb4 COLLATE=utf8mb4_0900_ai_ci;
/*!40101 SET character_set_client = @saved_cs_client */;

--
-- Dumping data for table `transactions`
--

LOCK TABLES `transactions` WRITE;
/*!40000 ALTER TABLE `transactions` DISABLE KEYS */;
INSERT INTO `transactions` VALUES (1,2000,7000,'deposited some money',_binary '','852386091','2024-09-21 23:26:57.346662','DEPOSIT',1),(2,1000,6000,'withdraw some money',_binary '','852386091','2024-09-21 23:35:52.527795','WITHDRAW',1),(3,1000,5000,'transfer some money',_binary '','530601270','2024-09-21 23:40:06.232392','FUND_TRANSFER',1),(4,1000,2000,'Received from 852386091',_binary '','852386091','2024-09-21 23:40:06.236951','FUND_TRANSFER',2),(5,1000,1000,'transfer some money',_binary '','852386091','2024-09-21 23:41:54.239498','FUND_TRANSFER',2),(6,1000,6000,'Received from 530601270',_binary '','530601270','2024-09-21 23:41:54.243466','FUND_TRANSFER',1),(7,1000,2000,'deposit some money',_binary '','530601270','2024-09-22 00:46:25.330071','DEPOSIT',2),(8,500,6500,'deposit money',_binary '','852386091','2024-09-22 01:50:39.335731','DEPOSIT',1),(9,50,1950,'Transfer money',_binary '','852386091','2024-09-22 01:51:56.724820','FUND_TRANSFER',2),(10,50,6550,'Received from 530601270',_binary '','530601270','2024-09-22 01:51:56.730803','FUND_TRANSFER',1),(11,10,6540,'Transfer money',_binary '','530601270','2024-09-23 22:43:42.316901','FUND_TRANSFER',1),(12,10,1960,'Received from 852386091',_binary '','852386091','2024-09-23 22:43:42.455530','FUND_TRANSFER',2),(13,60,6600,'deposit money',_binary '','852386091','2024-09-23 22:55:37.443249','DEPOSIT',1),(14,100,6700,'deposit money',_binary '','852386091','2024-09-23 23:01:35.318676','DEPOSIT',1),(15,500,7200,'deposit money',_binary '','852386091','2024-09-23 23:03:29.030345','DEPOSIT',1),(16,255,7455,'test',_binary '','852386091','2024-09-23 23:07:01.101532','DEPOSIT',1),(17,255,7710,'test',_binary '','852386091','2024-09-23 23:09:27.557525','DEPOSIT',1),(18,255,7965,'test',_binary '','852386091','2024-09-23 23:09:47.568887','DEPOSIT',1),(19,123,8088,'test',_binary '','852386091','2024-09-23 23:11:20.367601','DEPOSIT',1),(20,123,8211,'test',_binary '','852386091','2024-09-23 23:12:24.465151','DEPOSIT',1),(21,123,8334,'test',_binary '','852386091','2024-09-23 23:15:33.360702','DEPOSIT',1),(22,123,8457,'test2',_binary '','852386091','2024-09-23 23:17:05.953097','DEPOSIT',1),(23,2323,10780,'final test',_binary '','852386091','2024-09-23 23:24:14.175766','DEPOSIT',1),(24,10,10770,'Transfer money',_binary '','959219087','2024-09-23 23:29:06.885807','FUND_TRANSFER',1),(25,10,6010,'Received from 852386091',_binary '','852386091','2024-09-23 23:29:06.890800','FUND_TRANSFER',5);
/*!40000 ALTER TABLE `transactions` ENABLE KEYS */;
UNLOCK TABLES;

--
-- Table structure for table `users`
--

DROP TABLE IF EXISTS `users`;
/*!40101 SET @saved_cs_client     = @@character_set_client */;
/*!50503 SET character_set_client = utf8mb4 */;
CREATE TABLE `users` (
  `id` bigint NOT NULL AUTO_INCREMENT,
  `account_number` varchar(255) DEFAULT NULL,
  `account_type` varchar(255) DEFAULT NULL,
  `address` varchar(255) DEFAULT NULL,
  `balance` double NOT NULL,
  `create_date` date DEFAULT NULL,
  `dob` varchar(255) DEFAULT NULL,
  `email` varchar(255) NOT NULL,
  `first_name` varchar(255) DEFAULT NULL,
  `gender` varchar(255) DEFAULT NULL,
  `image` longtext,
  `last_name` varchar(255) DEFAULT NULL,
  `mobile_no` varchar(255) DEFAULT NULL,
  `nid` varchar(255) DEFAULT NULL,
  `password` varchar(255) NOT NULL,
  `status` bit(1) NOT NULL,
  `role` enum('ADMIN','USER') DEFAULT NULL,
  `is_lock` bit(1) NOT NULL,
  PRIMARY KEY (`id`),
  UNIQUE KEY `UK6dotkott2kjsp8vw4d0m25fb7` (`email`),
  UNIQUE KEY `UKd4t5vk5oufhxosw60bxqut2vq` (`account_number`)
) ENGINE=InnoDB AUTO_INCREMENT=7 DEFAULT CHARSET=utf8mb4 COLLATE=utf8mb4_0900_ai_ci;
/*!40101 SET character_set_client = @saved_cs_client */;

--
-- Dumping data for table `users`
--

LOCK TABLES `users` WRITE;
/*!40000 ALTER TABLE `users` DISABLE KEYS */;
INSERT INTO `users` VALUES (1,'852386091','Savings','123 Main Street, City, Country',10770,'2024-09-21','1990-01-01','john.doe@example.com','John','Male','data:image/jpeg;base64,/9j/4AAQSkZJRgABAQAAAQABAAD/4QBERXhpZgAASUkqAAgAAAABAGmHBAABAAAAGgAAAAAAAAABAAOQAgAUAAAAKAAAADIwMjA6MDE6MTAgMTU6MTA6NDYA/9sAQwAFAwQEBAMFBAQEBQUFBgcMCAcHBwcPCwsJDBEPEhIRDxERExYcFxMUGhURERghGBodHR8fHxMXIiQiHiQcHh8e/9sAQwEFBQUHBgcOCAgOHhQRFB4eHh4eHh4eHh4eHh4eHh4eHh4eHh4eHh4eHh4eHh4eHh4eHh4eHh4eHh4eHh4eHh4e/8IAEQgBfwF/AwERAAIRAQMRAf/EAB0AAAEEAwEBAAAAAAAAAAAAAAABAgMEBQYHCAn/xAAbAQEAAwEBAQEAAAAAAAAAAAAAAgMEAQUGB//aAAwDAQACEAMQAAAA7t3gADRQAQUQAAAAAEGijhBRAAAAAAAAAAAAUAACzzqCgNABwAAAAAIIRlPilyUZa7zJ95IAAAAIKAAAAIKIACiAA8QUaOGjgAAAAACAw0ZYGPcVCePdw47q9OPUZQy/YgoAAAACCgIKIAAAAA8aOAaA4aA4AABpTNSqnRhOsaJ1rqVvsbnVzrDyj1uUOhOSCgAAAAAAAgAIKAAKA4aAAADgAaBEaHTdgK7Iewxqec7XrzuOnzFuYnvcmYOUd3R71KN8BQAQUQUQAAAAAABQHDQAAAAHDQMPGXJsmrYJxnc1yu45LXZx1yUMhOO8V6J8Hq07s2N2+XDZn6jOO7AAAIACiAAAAAIKKAAAgoAADgGHI6b6ee7YpJM2ypm2U+rKTLaLcbNsrvsdlN2ME6tK2eZrOrzuzTjbEABQAQAAAAAABQHDQAAAAADXzhWXXtdc93p1T5du1O5WcKsZxSUYWRd6xKTvJ+8ijzVfQ8jIbPM2boEFAQAEFAAAAAB40AAAABwggGL53huTXuufR0Kjdu2jNPbRic27FU6GyjVjKulDKWQtpfXNke0dWJPQ8TKyiCgIAAAAAAAAAoAAAAAAAAGm49W1UbNi5ZlLKmyjj8+vBZ901uWrXbW7Ohy+5Ku9ZQ4qWZ7PoeM6dQKIAAAAAAAAADwAaAAAAOGgBkabs5RphqvcQ8sOxxWfbShOEgTSfLdlKckrjLM9nd5MVtAAAAAAAAAAAAoAAAACCjhoAZuq69m2Np0VqrMbNVQoUa7HJUo2QW8q21JKieFuTrsdOEnpeI+7KAAAAAAANHAAAPGgAgoAAAA4aZejTZybdWhbpHeaTXLRJc2CMpKbeyZtPId2bQ781CyG8Qs3SF2vzo3vb5e+2VXQAAEFAAAAABo4eA0BBQEFAAAnq1aDn1cxvw8O5Z6a8f38N1yXXjbG/oVEtd1+fUsg6GzX7sHUc+/olGnH3ZNF05PQtlVm7EAAAAANHANHDRwDwAaAAA4aAAaf81+idP2/M46qfKNGXd8Xq4mnfzKU8TZXtlnmd50Z+SL+TLc9n1dXVLbl0G3J0qndq1Ht9A+h/OwAAAAAABo4aOAeNHANAAAAADVfmv0Lo2z56Gst1WsSpx/Nmi5vXtTo6lPyc/ZzWKvS0GGnVZNntx7byrI021Y3aW9bo3v/AJwjqgAAADQABw0BwoAOGgIKAAAhZxeniPE+s2Pd87lJwkurxUNmh4vX5Py70vt8GLvdUq9DRIW4Zb0+zFmu56NbEZvTu7sWY9b5IAAAAGgAAADgHjQAAEFAAACWFq+H9ZldHjsotWVmu80eXu2eibs+0Tojp06w0Q308W5HeaLt+pmk8s0Ntv1PFtbPFUQUBoAAAAAA4BRw0AAAAAAAM9g9anh3UK4a5Vo5TdDaLIdAuq1KjVyeS7bHeZ8q8jy+nnYcu3J2Q3K/kfr/ADUkqWiiAAAAAAAAAPAcNABBQAAAB0La2fXN5+3m+fVz2LU91PoWv08l3uscuy9udeT8qafL2zD3sOfRtPoYM3tw2L8LQAAAAAAGjgEFAlGgOGgAAAAAAIR+f6OP8n1tU7zV9LtF2XJ2Z5ZV692WI5frUdug449Prlm/Y8fLasIAgoANAUQcADRwAISAAAACAKAAAAQ034bwPcx/O25z6L6vnaTj+h0HPubZDoHoeLDmq4jTVscnXPV8ue7KAADQAAAAABwDRw8AHDQAAAAAAEAj8X29OzWUq7uh6OafzZyHR3Io9TZtRqr0i3N1HmndvS8eW/K0AAAAAAAABRQAeAAACCiAKAgogAZbz/S5ji14qLboaEhp5nZHJWst2nVLceO7zvNW2vv8rzvr870gPEFEFAQAAUAHANHDhQAQAABBwgAADTIZtd/z/R41DtbsLlWjUZduS6X5dctp7hj9Kftk/oeP4t1+aw9DnUh4AAAAAKAAA4eIKACAAAAAADQMvCdnyvaxlF3Oe1cyuo1GZ3ebpzvYqdWY5d5qjZ6V9XwvOmnDwckLZu5vRtxtZspOMHAIKKA4aSgACAIKAAAANADZ490fxvodrRxtdmvRhqHLV7zerIZCblGXfxm2j2Z7XzfDLafJRcK5jyAeSEpuZ2M6qbIWgFFACUQUBAAAABoAIKNLJ578j6LvVFmbspnspw1F+OdtWNUo06nn0Q6sPo73fnOLdj4aLYhRGlUkHDh5KSnRjqx3gcKBKAAAgAIKNAAITjBxY9lmHz7ONfP/AFXeb8ew3ZZZ163VowcbqULFrs2Dd5e+ev4fPj59dipIY4aOEFFJBRw8eeiD0kApKIKACANAAGmKOIHDSInPfRuTvj7wfp81m3bzZVtU82EjPGp2SzCzffV8HmOzPH2HhueaQBghARDh48UBRTJHtY3gUkFEAAAaAhijzscIIzZBhAe0o2Y6nVtce+f/AA/pdoSy068l2qylPzs0LOu+/wDLc0nHQ3fGlmWUaNAiICQkHDgAaXjOHugvkwAIADRDSDzQc0EGERIZUkOhncKtXap0+ZvD+ou59l3sUQsSbdyFnk+s/QfJ8l5o1q3D4p7ywBGKVxpKSDxQFIi4TnZT1OTCAADRp5kPPxYGkAGbGCkg879Gzp8L9zqs4N4f1mTKHaq6G5O9V9PxM36Pk897zVXPDzlgcAFElJR48BQIi4KOPfZlwABohwQ8zAOICMcZQkHDxDpsZ+muT67OnnmL1eQeR9HjK5Y2VfRdWD0D7nzHPnce5xvkvJ3eTOOAUxxaHjhRwCkJKSjjrh64AAGmEPDpjiMQgGlosjx5IB1lL2Pzme7xChC3z34H1Ov16fUf0XxuKsqwBr5xzlnnZGLsWDhxjS2KOGkg4QqFglAnPogA0BTzYcGJSIUqEROSlgUlHG48l9C+xx5dHGNru0fJ6G7b/JwJgjWTk8buGdrxnYoKBiy8OFFAeBhi+WSUefRAaAGCPHJrRbIiUYQlYUuDB48Iy+nUo48mMmPKJrhhx5jXeLx0eeu0YjsWjhhjTICDho8Uca4ZMsjywfREAA5SeaDAmVKZcAhKRAWhw4Ux59Goz2yUMWltCLDEGvkxlTAnDa9Pm+VGBlFg4gKRfAUCMmENaMmTlwnPogACnlA5sYYzhRLQ0jIioTEg8cY89oxu73KnXDbRhqI0zBTKTvDqtPm6dGtSg0cVCuXQHDSMlGGuGULJZJz6JABCeDyAwhshjiUcAwjISwPHFM9ARu9mSp1U24rmLOdmTDkt17Hidd/lKVesSgwQpgWAGCkI4ea2XywWi0fRYAOfHkwxpijIkw0kJBw0jAUUrnWoXe8p06wbKY8actKCfQkNpOdxs8QuarKDRCqMJRBhCKSExrRYLxaLR9FwEPORxcpGKMebQUyyTjSQCMYOIDoMZ/QiUMQZAxJMaSY3ktkc3HvMLzvgx3QexQaY4jLBINEAQeYAC6Xy4fRYBDxuaaRmKMIbKNJC0KPEIhBSIzUZfS2UawFEhNRLRo0bu1ypjPn4aCNGmNHDxwDiAkJDAEZbL5kD6KgKeTzmRjzGmPMuZMjLpIMICMsDCMZyX0mc2HvAwbsbmDMkcKjf3eVGwHhA5MMGGMJB44lArkpIa6RlgtGWPo0AHh01grFQxRYNkIzIE5WKhEWRg8pntaN3eZU1zUUs8jpcZbZKPCI3Z2VfbkfEJxYYQlIcPAlHjyAUwZATFoy59GRxq54kKBjSIqEJuBIXSQhKRESkg8pHeK9XtSzLSNeddxqse9KnHhKXPOWeqe0+RTggwqlccSDRhKA4YY0pDiwZw+jQHPDx8YglKBQKhtZfL4pGUgAlGEBu9er3xZmuOa+YtLZEcscgd4hHR3HtHHex86DSiRkg8aIBGOJTHFEC0Zk+johoB40MWRkZXKJmDaCcQYQkY4BpGZWF/vyVOf7zAEZsZfOZnFY6GuMlR5yGGMGko4UYBGKSFEoAWDMH/8QAMBAAAQQCAgAGAgIBBAIDAAAAAQIDBAUABgcRCBASFCAhEzAiQDEVIzJBFjQJJCb/2gAIAQEAAQUA9pFz2kXBEi57OJns4meziYIcTPZRM9lDz2UPPYw89jDz2MPPYw89jCz2MLPYws9jCz2MLPYw8MWEFCHCKfYw8EKHnsoeeyiZ7KJnsYeeyh57KHnsoeeyiZ7KJnsomCHEz2cPBCiZ7OJntImeziZ7SJntIme0i57SLntIue1i4IsbPaxvIfv+sV9BTqU4u0ZDj9vF9KdkgpTAvK6Tkd1t39A/QP1D4Afredaaas9jr4xn7elBfvJRyZtFup+XsVow4vbTPeppc9L9BaiU0PkPgP7ljYMV8d2zftXT7BnLKLsUaBEeGwvruZX5o8p99oKixTNfiTGv/L7dUnjvk+puocZ9h9v+gP2j4jJjrbEafNL09EiUuxuqWwhxdf2S4q7HaK1l+1u24kkU0uXVy7eVMlWKhQNyX6bX7SNJ1SIzK0/a77TZtHb1d5XD9QGdn5j9H+PIfLan1swKaA/Os6a5ctYqaixtFWlE4tmnmw4EV+wBFzJlPZqrUSvNbq7Eptrjmqyx4siypVnx5S10Ggoti1p/SuQ6y/mfIfEfIfMfoUpITyrspdlJWY2l62irZas9rk28+ZB/hX61Y2cNHHdk8s8S2JNVxfUQJcWrYZUWhjCSBPrWpkaXTWdY7slbPm2dTPas4H9MfEeQ8xh+hvkpcXV9tdcc2JY7RLcE1mr1P8DsfWWnCWAArsZ30qR2Hz/yWrGB1iQAFJSRdwZarXQJKTE/R3/SB8h57TBFhRb3Tvxbinqguyq6NDAZaR2lIIeIS8XB61lJL5Puln79YGMOI/AnpSfT/P0h23roAYuf75AUm31ZqwzVdbC9djMBL6ewn1lJsG1EKQtMlZQFSEj3DgGPB30sesMtJIaUkdx2ELnFITJ+YP8ARH6KOGw4/wCn0sJQkYlf8ZDpCVAuIltBTz4KMWsOYojtpP5D+MBlt0JU44CIbbQckkE/2B5DB8aTpNaHCUuL9KQshL9tWNl3b9fipGyVchcOY1NcXKQ26ZLaUJuYTbMbbdfdxu8q3JLqfpKusacK0/1h8h8KchEJxSWk7NyNodC/d8zcd2o2Juztoy6TZmH2ty/0yDQcr1bVgxf1j9Ty3yrRRMZ2TabKHG1HZ5y6HWNkYlM2uy1GbtyXyXqlZqHItna67Rzv9Sqv7A+UWI9Ia2fX9i2eVAqZ8FnRHmb3l2j5YXQwtk2/lzYWLhPJi59ZaXsN6bS/+ScT8ecB7ntWk0GlW+t84bZIuWpFU5tQm64jdkOR6Ouv4/MevQI/F/H1Jt0XieraSxA/sD5bnPmxeQpcYKarHH1t8tazA1zkqy0WiWmyYkPV98/fvu1Wi201+5oWVVt8w1GqeYtel3WpQI0K/jawxbRXdX7Yi3ew6Zrzu73rvJtNrUP100WfOhcz/wBIfEfPaq5c/ka+t4UeegfhnW1bDuKtjQZ1cxeUXJAZmUHIaJlXoewvni7Stc1GBclC49clCWtr4+1a3Wvi3TYr9RxXxovKnVtWpsfW4sa9cVy7Ke2+fETgH6R5D5D4j5HKuO07ZUry5297ARHtIxT6CpKstwAjbduqdai0W13vJW5QI5hi6K40WEtTknmeltjF445BgbExRNCMUrbUnYXm49VuqGKiexDblbP+wDyHxGf48x8B5wlluUihccs9pUF10Z/tDknte7WrVVSwIt1yztWia/V63VvX8OIL26YsKaouYsOubvGZjHKeneylcPbwm9i2MtMFi1Ul9reKafeS61KUNDyB/YPv9I/RQvNrReSojEaE6Wm+Ir3/AFyL4mbeTb7LxtEYotcbhWj8O+qLYS7sci1lxU1W/Wg/0a7jLn61cKj6rEXF3na7N+XxM3Mcaas20P1zDSWWPIf3W1rRiYyVTqVbrkLhQ/6RyVzLVCu2nY+fNqps461nZ5UC51Gxjm407bmZVfo8wifocGVD2W92qu5Q1J20Y5D5DiLl6dEhxZSocYRmv3/9f0RkdQYsU17FduvO9E1aVes8X6nv+g63Pa1nXbewo1C2lwUWO27lQVcOfyIpI07RKfVo1sxDa3SauM5L15Hq+B+Q/SPMfIfokxxKRaPpmx9ycZf1jjs+xjRywDuUCMpb0iS1Xx51vJtKOur4lNs89iugUrbVztMKTLsJsBgRofyB8xgwfIeY/obNX/mhqciyRUuSYkqDZOGLvewtQW5m6RX5Gu7O3Ml61KlusbbbqtrmodiRJPHdcXX7mbV1EBSShf7Rg+QPwHkMH6KhzuBybQt0atSuhbPpfTHkWcKHZRbvSaxmZQVLUdexWiFxZUlhis46p5uzPxGg0zf61E3/AI14A5pXEYYcafi/MZ/jAfIfAeXXyHmP0UTqUvPthxO3aU/r9pUXDVnGstgYalXGytIdq7xLWC6hPxp0Nvd9x1+niU1Vst5C1nXeBH5C9Q5zojp3Omp7ztOnOaNznqV4xHcakxfIfIeY+PfyHwHy1aKl909py3YU/H2rXgqHtFbsUSO7YXLLUBuwnS6bQ9ttYWra7FoKt19tpnxIbubxji5AiwPH9UiLv8R31tM/TdBtOwao9UeIvkeuNL4oIC8qPEFxnOyq5H49s8hvxZyFoW2fMHB8gPiPMZ/j56kjql0Dbm7W6fSC1LitSWrnXycs9bddXU640gU1eI7Uxxuvh7xfypaZNMq03DXIRhv/APyCRe9QrnQlIV6V2I7QlQXhKkKQ4c/KSIslTC9Y5S37XM0XxKQn8h8ocay8qp9dbNEEEeQ+A/b35LU02xwJtI3TReeVz9L8RmibbD2apcbCVlpDjNjXpWoQ0trYdTHa2yzdfJqz+Di3XUS+ZFR0tueOGtE7gVI7S0/+QTfuNFClLsSypQ+sQcCsSvAvG3SkRXBGe1Dm3kbXho/iQqpsptbbjQ/WPlNkxYMDdfEHURV7ru+2bSfCXFEbgjxXaUrY9H45vXYatc2hixZZlpOKIWLyWlhbs9buOtglcftnhOr/AP1Wz7HRUOcs2VLyFwUyoLZJGLUlUR56Q7jLYSFpSMT0PIHBgPRSrEKxhRD3hS5ClIshgwft2nZtc1WLvfiVjMZs20bZvU+MERmAEJkeGwoY4BU/Cl5uesr0HkGms3WcqdjJMS8Q4i7e9y8ysBaP5OPAKb4bihqovGXrW40x2PFhQ/qHgHSCSR6UqyU2G8GIwDB5DE9gtnqTCffju8LchReQ9THxHySCo3+y61rqOUPETaTzIfflSmVRy80YSoqmlOIfd/KeKbSFsnE8awOrcveInUhsmk0UxKm4q1JEGa6lDUr8uB1DbdeovSZSi1mhR0Q9QumGqaNOdaptchH/AOqTilAHtJwKyaf5gA4gYBgGAZ6cCcWPTIjkZp9/a6ps2u3NbsdB+gAnOTuUdT4+RvXOnIO156QVlWFeEFWNxpZUy5ODTYJzhHkV/jzY+f4Cn7LjW0j2um73rR1Dfao9oWkIImOpDE9SxrxCULa/O4lT1To071vu8gwX7rj6GSEjOgc/E2Q22EiePTIQBiU4E4E50c9OAdZIHRYGd9Z4V94XUbl81rbba5f8QcuY0UuynevpXQH+caQO3I7beJT1nR7bR9dgZwZdsb5xZxXPe1/b+dNOTf6zWNAsJ+0Skloxn/S9SzSWOMqJbo5ClhFWiGXM5cmortOa/i8PMDtUr7mISMSMAwAYU4AB5WY9ESN0ULyO9JjP6neRdp1X4nPFnvprapbalKAOAHHeiQBnRORgpUNAz/pOOf8AHw66jB2aJxvBXK2NaT6N+49j3L9tCm1E2cWy0Wylzh/XXdkt58tiui2Ty5kuW8hlrmOcXoC2/TPSkp8usQnCO5iU4kdZ11iT5AE4Bl39V0ZJKCggIIGcAcpM6LN+O87LE1HV9zs5l5tC0kqIOKH0odhAAxIGQnFLSg53iR3ix/HweWJjcmarWtx7WW9+JRWGs2bXqy+rN61qbrdhWwJFrbazUwNO1mzfdlOz3PTlq+S3yY/62pkcpsPT5dd4hPWMgfmGAYB2CDjZwYlP3frBgV6j+BxXZQOko/mj4JSSfEVtgutma6f2F5BOBAxxj+Lrakj0H1NpIRCKhNI6UkHpBOLHeeHCyFTz80yI79g6VPwz+WJXq9Ctu12DsNPw3pE7XJE90rMp8E2bv1Zl1TW+NER7xsIsFjo/5zrrCvoIV6lIHSRg8gOvJA/3NgcPua49MAJxI+iUp8x5chXp1rR5ThXlAS5OktkY0lIUGAQuOMWwAAkpzvoyQPWO8Cj199UUs124wJSLCutE+nKV7+f4gFLIDU8LQxKkHpQU88aoqTaVaEReR4o9ttCAm2c6AT2PKSfSxFHa+vpPYz/pRIxCgR2RjRAcsnC5Ngk/i9YSGlqUUp7HkPLxOXKIWlqdUpeukiyk9+hokqa6IeIClj1BacPQCF+uCOilOdHqeS0OD7YWejXTX+xWOFMpo+pt8Aos5STlrHdApIfSXWAGr5AVG5Ib/wBrdWy3fr+lJw/WTiBFjfax5J+8/wCkd9/ed9NrPclg9Jb7xnEdj4JSTniC2NN7yQtYBhqLG0O/Q/7YIAWoepRBSvvHR/KAUllofwb69XX8bNHqj+FW8D9Vap7jRSUvxj/sOf8ALdEuIZopaZlfDDbaEWzci3v2FpY5ESSORB6dkV5JJOWaumY30rySccBAA7II6ePpjtntxpQIaIGIUMQe0gec6Yiuri+t9DwSoWS/bWqiVtLP8mln0r6wEkJR2XI6VZEbUzMKenATnX8ZaSUeE22V7+cn1NgeiTEPcX8oKrxkOx4Vgamc7dPSYmlBxd7bMBxjlurLEbkxJG2HyGWJ9S4yc+gP852U4tY6DiE4ouqwtARmjkc9BLmRkk4CPR5+IW4/0ni6cCVFfY2EFcClsS6qQkoKFdK/yUAJxIxRICwr0O94kjsZK+x4TH+t8f8As2jZamViu4LDwM6ee2t1iF+ZSF+JJ1KOlt2SO0cn1nuqHlQFG6ny7HUodutLbGF1vAp0BYWtHTQUFqBbGAkqQCC0QVMAAIX0lhJKfIZ4sb5K9sUs9zmuhJUXWKx4sh8hxCT9tkE9A4jtJWgFICUgpW4hBGDol3PDFLTE5ef/AOdwx62qNXqgNgtbDMV0w40JVttEcx5OiWDUyN36kbBGD9dz8wmNy3hHSf8ACZxK5aAWyh13E9qSARi28Q0cUUIxoKU7I+pLZIyMsqMcDG/8eQzndx2bzk92kB5HpnpQCk+mdWPJciOj0qa66bBJIOADpZBxl3p7opKOseCTnFs41nJRWF5JSFIpB+NNkgovJKlBquBOx7pECM0W3NTtkZYU3Lb9bPiFU4rnHCeh1/J/7dA7xIAwLQnPyFQAeWnsYjsJZSCZX/toyMojI5UcbBKfIZ4hY6InM8pZKpTRUHX3EmYexTvg46CsNfRZ7wJAxZKcdKkgPdB5wOICk+lZ7MF0xbrji5Td6g+MjAJXtMkMZaLcTmrNfnvt+SBX7kXIk/SLRuzoVp7a8W8URuejisWfQj1Ou4gKxLSDjJSkdlWFKiFIIW2CcZPS5X/tjE9hMNxX5W1HzBaQN/2h3YtvVISvFu9F9xt1MoFCtfdIfQSWkdhcbsYBj/YCz3hT0IvS2ASQhOTekjw17D0w8P4FwpG/uLGtWhbXDiS11LV+EWWr7+x6o3A+wfwZWFseM5HXOHlNJTGSnoAjOuvJpWevtTiOx9gtnpyyT6J6M/JkJxKlsdYPLluyNRxXCSWYs+L0VvKSVuJIfUQmI5+KVE6UAn0OsEZ3jo+njie+21p/KsBLqD6cmdKHEWwrg1wcS9DcObK2h+qrJKpeqx6ydPtlxmIlPuTHrgavaKpdn12aiVA8cTBa5Xz/ALmnpIPYAxPWKIABIxCgAuYAv1hYSel3ierIeVd0HY57Hl4kCocK2i+q9h9xrF/jeQ/Dx9LreKyrfS5FacS44gH0JJCHikY7/NaUdlSVBHYMX8mPp+uPZyhSaDLM/QH1AG7V6q7TEvztFoqtqEuePWztUYJubxlTMzg/YvfUPjs+91Jz6Imkl5IxAGDFDB0cAyUlKS19BIJy9BEweUH/AJxvPxFfXDVr6koHXoWlaMMhWSnQQSDlBIARHabbSgjsrISoAoWjoNlIP0EsLHr69Jd+06bILbvB7/5eIpa8tF9ReLPSzp/uvyLT9x+Q45bmchRfxWfF18qn2Pxu9PTVDsFrHiC6n/CMAIzvrOx6ji1epKDiFEKvD3IHlBP8mDn/xABIEAACAQMCBAIHBQQIBAUFAQABAgMABBEFIRIxQVEGYRATIjRxgZIUIDKRoSNQUrEwQEJUYnKiwRVEU3MHM2OT0RYkQ4Kywv/aAAgBAQAGPwD3aH6BXu0P0CvdYfoFe7RfQK92h+gV7tD9Ar3WH6BXusP0CvdYPoFe6wfQK90g+gV7rB9Ar3WD6BXusH0CvdIPoFe6QfQK90g+gV7pB/7Yr3SD6BXukH0Cgv2SHLf+mKx9lgzyPsCvdIPoFe6Q/QK90h+gV7pB9Ar3SH6BXukH0CvdYPoFe6wfQK91g+gV7pB9Ar3SD6BXusP0CvdYfoFe6w/QK91h+gV7tD9Ar3aL6BXu0X0CvdovoFe7RfQK92h+gV7vD9Ar3eH6BXu8P0Cvd4foFf8AkQ/QP6kSayxAGM8ulNGsgLDnkEj8xtTTGSbMTEK0MTSKT1BwMAHvyrEj3cjNsOGLJz1BGelFfXPCx5CZDHn4Z2x86IWRWI/hYHP5fuly5wc7Hp33p1kl9dKuyxQkNhsZwemevX4UqPazBWJPI8WPMH/bcU0kWnXUIXHALkKqnB/srzYHzGKKSa3eQlHwiWkK4XyDt37AVJLBqcrSu37UXsClZcDIAK5UfHn3qMXLmFGcGR40/EQOTcR2UdGGVzzqVBqQtWjJdJWiAjZNiSQoBXHXGdt8UbW6lX/iEG00eQTuMqwI2ZWG4YbfudriYqVQZ3OM4/memOtE3LvESQzW5TAijPIyNyBJI2AyaMViXkZ0Je+jYCOPH4syDmuefLyzQn0WW2N0yZe5CetgJyDiIMSFUjGWILA7YFJJPrpF7POYyImKcWCcKpKjDFvZGdiWqR5NQuwFc+wR+2jA2ZWzgllP++1RRx3BupZeHAmTDEMeS8ie+GzTR3d5p01pEQHBRpGj3yVyBgfmaU6Dd2l4qAFLNpTG8R3GU68I+PlUHDKIbqyTiSRGKCNF3KtkbLz4TyBNR2mq3P2XUhFxKXTCzgHDeQZeooyQSpKoOCVOcHsR0Pkf3I8shAVRuadp4TNcOMW0Tg8IxuGO+wAPEeyju1CK2FxcExCWQQoSURxgyt09YyjIyeEAgAVMNL0++nZwckTtKXIUZDx5xy6HI7CjdWmm/s24TewrMpVByyQRkZHXBwdicVFrGlOyw3aMZLZGPCQWDEx9iG9ob+ySwNT6pHBjUFckkxAo7En9uqMckNkEjnnpSvKJJbudCEgt7Zbcsh/FJxMDwKeQY7kmotJW74pZQxD2xEjImTktkcC7ZJ5k/EgViSDUJ3chpvUzATk92ZhhRsPZpxdXOsacZFxFLK8ZEgXoUQEqq7E5IGacaZ4p0vVLYyCWKFNmjbGNmbG3erWTVo0nsHRBdotys7xRMSABIPx4O65JIBoX+j38N9aluEvE2eF+qsOasOoPoP7hzGVyvE+W/CoUEs7eSjJ+OKu5ZHmS1imUPKTheBl4izMey4JHUtg1dHR9JszZ20gVGu52ihdzuJHPOSTGwHRdgBT3xudasZCB+1h1FLm2DAjAETLstSJqWv2mpSI5ZCrGP1StnOykkN2HKpNIu8zB5Rj1s5IBIIV1bmArAcS9VYmiLmw9VdwgRiQuwAXoAR0+HMGhaJJfXM78RYxW2HB+P4QPLep2uZ1snKAzLHN61xgZAZgMZPRRvUl9dWVurTFfslpwZWJWHtSyfxOeeT3wK9UsFwVb2mczkcTA7ZXt26CiLjTGjDnIvYJONQR/EpIINLeQNNDwFYi6owT54yCfiKfVvDWvJM5ObmPlH1wJIzzGOTZpdPu0bTNSLBVtpgQJfNSf3CxJACjJJ5CoNGspTHNdMqSJ/DGxPCD09orkirCytnzDcKsslwWwrsWZnVz2yBzyMCk8Q6oMWsURi0u2KEG3Xi9uRV5KZGycnLEcsCvs1haFbaMcPrEhU7dFUNghh5DHnTXNx9nZVQl2eMEMRzzgZJ89qNxFpENlCxxArxrxyd3KnPCO3Wg0l+RwDCkoMj4Y5GnVPFk8UDkZQwB/kAailMr3ElvuhdBgHqwA9kH5USCWPMknn8aNHhODUkZZoTIMOUOA3xH+43qeSK1tb4Nw4Uq0ckhHUSLtkc96ttXS1u4J7OYBZ0cH1bKc5cHmo5Eg1HfQnaTmORDdQR5H+vk9hV2YnEbOnCjscAOevx7edaUjxEMkSy3Eg9vhZQI1IHZQevUE1Ba31qktjC6xLBbkF1VsN7O/NmwfMFxVkLk2JkMQlZBIViUAHY4BduFflvgULlwLmaT23uAxVW4v7OMZCgbDlSyXI9aiHIRlARfgo2+ZyacgZbHPy8qwPQ69627ejO4ziiMDzFMmAQwww8q+xRkTQTQmVgzFUXhOFBxuxJ3q/wBNKeqmsrgB06LxDO3l+4LmBlLAcMm2zZRs7HpyrSdagImt76RLe7Ux7hknDM3YBgTWhaiYmktVmkRnjOVGQ6oT5Kcqe3SrUHhwzJAxK88cTN8RnaiFFNsSakUgheWe1MhIPDWSDtimB5Yr5VkYxzGedI3UjeiaIFKODLKjBSdgCdxnyOKuNRjRVW6t0R+jcasdvyP7gIIBVhgg9RR0iEyRsly1zDITngYjIxnzHI+Yr7FqlsYJ7ecujIQAeI5JA5cJOTXCpyqEHONuIjeiSBnqKypwacr1ohgd+ZpVG/Q05PQDeuRas4BPIUuQBnmOdABmBPUcxRIO+a4+INht1J3wDn8+tSR5LDhBB8v3Cb2WIF4zwB/Lnv5CmBzx7Any57UzDYHYD/f0bGgR8xR4TvyrBGcb1kjYjBpxyxRXYDnQCEbUM0cd+QqTLcLcQORzY4OKSQBQWLB/j0/cLniOTJjA/QfOsHLBsgkbAd/1or2pnYhU3OTWZb2EAtge2OfaiH1GLY4YA8RB8wOXzoy2l6kwJwNiMNjlTxxyAsiEsDTxyNji3XsakeSQcI6k08pkwgAww60UTVoGYjaMOOLPwpUjvYSefAXHEaEsZyrflQOMtkCgGUHI4wQeRzjH7hEmFOJCWJ5ADvTStLEEQ+07SAAjck88AU9trXjLRLC5THHBLcj1qg8iVGWp7DSdZ1HWemNN0q5m/ULRbR/Cfjp+TRzz6MYVU9wryLUs+o+H/Exmd8swiUDY5xgynahbXui6/aEsr+sNgXB4eeeEtnNC1XxEbWeZgCt5A0ZBJ7EA1b3VpfQ3kUhYiZNwOH8TN/D8DT2ukatb3UJJWaRM4ikHMAc2oRW+kaiYjkB5lEKYbsZGBIOM8q9YbmC2JbfjuWdvmUXb5GkLa/YxnlxCxaX8+Nxmhp6+PrZPKfQInT9Jc1PqIn8J69aQ/j4LKe2mQE44uEthhVrqUul2H7bRrO/QguMvPLNG8Y8lMWRUN9wCMyDdQcgEdvvH+syOg2T+da1FFHNYJaxwpaM8xEdy7KSy7csNtmtcg1fRNTaM6PewSRmB3y5iIAHQni7GptZ1mK58SfZ4Xu5I7/Mj3LxoABIOoB6VNLf6bNEOBDBBaooHtD8KhcLQu9N0KDQ7CQghpZVlnxUv/EtR1WSLjOGBA4k6ZCjAJHTNFLmK6vIScHCHjXzBG4xXikeJsXVtbaY+oaddvHma0eL9eykVY+IdV8WT6PaTwL9mtkRy/qx+HIyK03QvF1ybyW00aY+HZ0gDRs0YZ0yOuMyt8alMct76t3OZimC3nk+02ahEc+s+pZ1MjQsC4BO5UMcE4qK6gsLjWbNBmVbqNYpFHkVPtbc9qttQXTWgm9YBLDMu6Y578jXi+6LBeDSZijVoN5Zmzl1O7sodOhhZG4LO0Ny9wJpQSOKTEjBQOlQ20MbLDCgjQkc8DmfM8yP6/wCC7W1uZoBJISxRsBgzEMCORBAqSCTcsuxA78vgaVDISEHCVyc7dTXhD/xNhRLSzN7/AMH8RMqBUa3uAUjlk8gTgmpppVW1ER45JFVQqsDntTSW1tNBboCEMyYeQdCEXkv+Y1JaQxLGpOC7uD8tqzNOPb3dkUjA5bt0+VWH/hJY3b3Osa1cxNe9WtdODh5nfoobgSNQedLZ26KIYFWNUAxhQOgqx8R6KEOv+F7oX9nnb1qg/tISR0YV9p0a/SG5GTc6ddN/9xZtk5hkQ4bY8mAwRQin0YSKvJo91B8gad7mKaIvzZrYYA+OeVNPq/izQ7Fv4Zb2MSfJQxY0/hLwXpmrz6bqjxJqWv3No9taQWocM4iMgBkc8OAAKtbcgQgR8EagbRouVVR8FAAqXTZb2d7K8sVeGF3JVMdFHIYI/r/grg6TKfoZi1WlpLIwnuJhFGAMjJ7mp4mCjOCvc1c6VqdnDeWV3EYp4JhxJIp6Efke4NfZ/D3jvxHptpEgWC1uzFqUKBeWBOpYAcgOKjjx5oV8D/e/DvAfzilFZHiTw6nnBoTOf9cuKI1vx7r78X/K6cIrCP5mMFquTpMEP2u8Ia6uONpJJMcuKRiWY+ZNHqQenM1cxEB0LFSpGQVIIPyIOK4NRsNOv2g2iMyAzRp0XiGGwKIk0dgnQRXs4GPk9ZfwpZ3Z7TzzSfzc1xaN4V0TTTsS1vYxK/1YzTNMWIUcyc4FLpKXHBepAk+CDwkMMhc9Gxg0kXOO205SvkrBif6/bXDgGazLyQn/ADKQw/kas3uAOGMysP8AOFPCBUDgoFlQjB2YsOx+BrPPuaOeVcwBT3F1jKA4GQSTUFpA09noCTL9oMRKmUfw5HQ0kMKLFCoARFXCgU0h2DH51ISCFzUPiTw/LKmoWRYSIvKWM19g1GIQ3ytwuGrKnKYxkde2e1AVPLnBCEZ8zsK0e/VQsggNu5HNuHBGe/UVF4iKASzaUkB7kh23Py/r6MO/D8c1/wARtLpRGsiSIi/iDg8iTsB3prpAoeJxwkjPDk4JH516qPJ4QBkHODTxxsG4MBiKnvruYRRRoTk1J6r10OiQv+0k6uOqihFa2qIFOEUDB8z5+ZoMb1NyAsbHJYnop/8AmhNA8TwqSC6MCM9vjV1NdFSmQEkJ5HPIDqallYYt2iJQkZPPGSvMeQoeKNFlSxulcNIgJGezEedLp19i31JUB9X0lT+JDX2uQ4jR0Vj2Vm4f5morVnyWdAQDsfaGM557VbvZmMRwrwtxebb486KRyNJFEFhRyc8QTYsPiSf3BMdg7EcY7nv86ksbiUBbwGJfJiNvlmkIZfaXcDOGwK8RTswLQ61NGF6heFOEGrPwRaT4hGJ9Rl4/9AqKxsrF1KJgpG28p6fAUMwFGQBgUPtqxHEQTyABwPMZqVXgCtJIJsHJGcEEE54SM9PPerwaNps6wT4MiI49U3bINQDVi0ECk+yRlYh0PCvMmreG2uCY03eebHESxOeRzjGfPcVPBexCUSqwAUljw5yCp74yN+VT+HJ3kgnjczWk8Wz2cmfZYZ5gjAZeRBIrWzfBIb+3syZwvISKykFTWnXd0Awb7OGJGwZiB+fWri0DMiS49pDgsuckA9M0sSqAqDAAGAP3AeBiuaF7cStPMoKozAARKefCO570YZAA8LvE/Y4O2/wIrx/oHR5oNQjX80avEOpT85HikyX9r1JbFRaBoFnYaZ0a8mhDvg1Z3viXxzqOp/alQkwosSgsMkDAqAjxPOolY8RMYJjXlk79edcNr4hSeEv1jZWGepqGO+1O7bY5AfhEh68PbHnQVVu7hUR+N1ldHLKME7HPPkKv9B8AeItevYIXCeqMzOEk5MuDnZWOKmu9WZ7m5X9iz/xMcZHyNaja2hzLqstrbeZAYFj+QqPT5044kTDgtgtwqMcu2Rignr5ZgowpcgkD/c+f7jfKMUmQMT04l2+Xs7+dDXIkCm4hME+NgUO4J+BFJq0QLPEnDImOhqKLWLDF/BlBdw+y71YaVrJMjwPDAlxHCSJ1AWNWYDIVsDcUulfb4Fura7EjwI4LheIE5HYg0ss08Pq0nUuQwwEzg5I6UbovdX08UwENtZwO0krFsFQSMfMkCpNM0zQNTtvELlgYbuNeGyZlBillZWKlW5hVJPRhV3fW6Nc3lw7TXV5KAJbmZ85Y45DJOFFWohUoY5kR2kOA6+Q7E9e1WcBAEdsjTuTkA59nNS3LKCSAiOTknqw8gDgfuRUEhjkVw0b9mHLI6joRRV5Xhuo2wEb2HZlOQBnY/DlRiiIiClSZRjhZyd8lSf8AekWS5MycGEJxkj4CsyKGUjcdPnTGAvCVUhXTYhTuQe4ptFXV2itgAufVgsq8WeH86uJrjW7ppnjWBo4vYURqMKBjGM1bxxIPXYyeoA7H/c0xJVVQb+Wepx0rVL24m40hfNupbhHCu5VR0NRW4t5JDNMWIwT7Cn9mpAPsgN7WKjgGCVHtkDAZv7R+Z/oj/W11u1hR7iOLMwC5aVB2PdRnpvSNwAWzR/2QqpLnOd2JBwSADtvQSGW3ESuMAOXXJ5BeEbfPbzoAACUr7KlscXxzWZGjBCEt/g8sd6Jlgmi9a5G8mzeeMbeXegI7OXgGF4pHJ64G1NJeRrAijCoG3Pme1Pp0alrWPhBkLDJbBIA+XTr8RXq+FZY43JeXJjaQA5VmHLJ79hT67eTLNNN7MeEx6pOg7E461p93qN9DZpe3P2NHmbhQznJRSx2UsAQM4BIplYFWXYg7EfuQgblHK7HpzqfVo9KW+0i5XM8a5LWr5yWCgfhbr2O5r1CriOAL6xUkVmZQDhiwIVgDttkYNGAidgBlyvCSB0KgfiA5Gik5jaTgzgKCzL3wd69epCAnYGM4Jzn9KDZt0TiJwRk/EZ5UtpZTHCj9oeeV67VMk8iwW/AxT1eOMPxbsS3Ty2IqVLoqLOFl43KhmmQcowds+ZHIGkVFwqIFUchivFXhGXf7UjxQs3SdN42+T0nhjx1eOLWH9lBfy5Z7Rl/sS9TH2PSorq3lintplzFPE4dHHdSNj+45YScBlyB5ijG52zsQMVd6/oXEYZWDS2aAARDkWUE4wOeB8QKtr2Oe6SaO5YI8gMZl4RvluiA9geYNNbAKWHCCQpJPF0B2x5GnSO7nV1f8Sn1jLk4JOdjjFO1xOzOoxIZkAI8tt1OKMscSy4Yql0zkpk7hfNgcb8hypdO0iI2tm0cMsl6pIiQjIkLHo/EAQBz6io9M09AlvDGI0HBhcjm2eZzzNXet37gQ2cJf/MwGQo+JqwubreeeFbiQnqzkvXijSUQpbPem7tv+1MPWLQu/DurzWsfGDPaMOO3m/wA0RqKLX2Hh6+PWTL2jnyk5r8Gpbu1mhubZwOCaF1kRvgykj9w3k78ooMAnoWPP8hRANNwlhKnIAKcjqMNsc1PLA9xCwiZI8OCFDHJLKQeLuAOtPLbwrdkOx44s54Co3AbCg7BRzxS2lzoeotIzD1zKVICAbY7nmSKFpaabdrCoy5uGMee5b5dd6NldzGys55VKLEQWC75JI2OeWDQtLaIGUtxOYhhXY82PcnrTO5GMHY7DFPoVk+LKAlSV5SyNVvZrkJDbxR/SgFeGteRN77S3gfzaF/8A4es8wRv8KeM8s5FPceHtavtKlYYb7NKQrA88qcqaUX0uk6xD2ubMIzfF0INY1vwZPD52F6G/SSsT3eq6a3a5siw+pCaAsvG2iOx5I8/q2+YYChJY3tpdq3I29wsmfpJrEiMrdiMf1u+fGeN/zAFeIfCd/IiaxoV80XD1ntWAaGX6WwaJILdDTwzRh1O+CMjNNJAJULYK+rwOXQHlgUHk4y68lcDA74A6msBFWRSDx8GS3fnXADJvv5CmJO+Ke0gdlVs8ZFaNpaqSbrUYY/8AWCf0Bp/Nq8H3/SLUp4PrirhJ5Hcdq8m2o9DRRzgHr2PQ0ysMMpwR6MHDDzGRQaBmhYcjExQ/mpFAaX4r1H1Kf8vcv9ohPkVfNC08b6KbVv7/AKZlk+LQk5+k0PVeO9Ey/SWUxn/UBXrNI1Kx1JO9pcrL+ikkUVIII6H+rS3FxKkFtAhkmnc4WJQMliegAq+1qKL1Nm+qXMVn3MKEKrHzPOrbWtOcwPqOmQzq/RnjZkaop8iOfAEsfZvQQQKyACMfPP8A8UTWSwY08URpnf2ievXNaLK65Fl666+aoQP1asinu+um6raz/mTFQPUciNiKCSbMORpyeoFFQM43NLwtmVdmxyx0+f3iMgqeYO4Nevs3ks5lIIe3do2/NSDQgGujVrXpDqiCfA8n2aksvF+i/wDCsvg39k5kgTzdD7VJLFLHLFIiyRyIwZZEYZVgw2II3B/qU1/qF1BZ2cIzLcTuEjQeZNPYeCLD/jd1/frrMdonwH4nopruu3V5EzDFquIrcHyiWtG/9aW4l/OZqXXrCDj1Xw25u07vbNtOv5APUdxby9B8GFKJGwwFbMCPRwheQ50UBwtZI4mPI1xcjjGetarqHDtDaLEvxZsn9FojU74Ry4z6pELvjvgV4y0zQ7tppG06V0R4ihMkGJcD6aV15MAR6JoyGIAz3PyFYija2iIxk82x3Nc8/wBAcmpBnO4OPlUf/h5q04eznDNo7vzilHtGDzVunoP9MbjxJrljpa9Emk/at5CMZYmntPA+iG5b+/6nsvxWEHP1GvX+Idaur/gOQHOIIf8ALGuFHlgZrhjBClsAnmzdzQLH2Yl4ierMTivCLzlIs2HGegHE7NT+ouLa7UDEio6uMHYqQOQIyN6vtCUH7Ax+1aa/eBySF+KnKmhJG245ihlyGHPsa2amYGuEDJFDIog4wOgq/u+s90F+gAVfOMtLLO5kby4iAK8T2H92tJbkHuvqXVsVF/kX0MO9Y4q3FAhsg8s8/wCgYHkyA1HdWk8lvcQOssM0bYaN1OVZT3BANC7dootdswqarar0bpMo/wCm/wCjf0gVQWY7ADcmi3iDxFpWl4BPDcXCh9v8Ay2al0zwAj6VZ9dUnUfa5fONTkRfq1S3t3PNc3UpJknmcySOe7MxJNAXUjpF1KLk1wWLqY05BeZ+PXNRxscb8TE9FHMntTgMAo5efQGvCklowa1s9MS0khX/APFPF7MikdGrT7nCJHqtu8HlI8Z4gp75UsBQ1rTE9bf6Pm6gK85bdhmRP5MPNaU5yp5EVkdRvWCc45UQ5Pnk1gY51wKDnqaYcz1xVhge08Prnx1ZtyantICHupXYySDpkk4/2rxfq8+RBFoF2kjL3dCFH1VGOoUA+jB5cqypHoQH+En9f6CL/ErD0WfiHQ5XivLVweHks8efaiYdVYbEGrLX9GlE1hfRiSLup5Mh7MrZUj+hwASTRi1S5a91bnHpdoQZvjJ0iXzNTWtleJ4b0x+cGnEq2OzS/jNPIcszbvI5LM57knc1z8sekNFmEjkxODRjnuDIrAchjOK3GWp5bovPoF86Lqlt1UDlcR/40H1LXha9tLnMBeR4ZouRLKGR1PmoBFWCl4GuY4eC6gV+LDZOeIHccXPFanowVha8f2iy84HJK/ScrQUt8BRIJrYhaALZz0PWjJ3XaicMxJwANyT0AFKXQxz21koKnBKtjFO7MWydz3Nal4ftkXT7KSAm+vchnlA34FHmQMk8hTqejEfkfSfZrGTzoL2Qf0EEh6Pj8x6f/pC+lxpmuHEIblFeD8P1gcJ/oJJppY4YY0LySSNhURQSzMTyAAJJq60bwKHsLMuYzq3Ke4UdYv8ApKfm1PPcSu7O3E7MxLOTzJJ3J8zQAAAAwoHIeg0PWZK5Gcc8V+yACc1+FFazQJrOM0fAF1d58ReHJjLpiO+Gns+gX/tksp8qSC+iKJcD7LcqeaEnKt8AevZqnvrS1M+r6XEZrPg/FKvN4vmOXZqV8EAgEV3Nf7k1hq3IGeXkPOk129jwv/Joe3WQj+VLYr+O4bfyVT1+Nb7LV1BFzdKmXqHb+Z+5gU4PQgbfD+gST+GVDWT6Iru0YrdW8iywsDjDqwZT+YFaZ4js244dStVm+D8nU9irAj748FabLia4Al1Ip/Ad44f/APRr2gCEAWiTzPoPpRuEjh2bHU9/QQR6MVrlyHlj1TSb6GWCSJyjhWTmp5gginn1AyXFwiDLynLMeWTQCk5X86OqaQ8NjfEEOnBiG5Pc4/C1PY6jay21yu5RuTD+IHkw8xXEzgY6msqSSaIm302zKtdN0kPNYvnzNetlwANlRRu3kBU11OSXc/IDoo8hR74oxVcjtIw/U+nJo+dOe7n0bH72Acj1i1lCeIisk+ibStfmmfwvekyvwLl7O4/jUdn5N9671y7xIY8JbQ/9eZs8K/DqaFzfTNPc3EzXVy55s3M/LlgdqPX0+Q9GVqaLljBHftR/Ij0nPI1qul/36yTA80ep7lVALLg0AD1r1qjiRvxjuKNvewLcREcSHk8ZPVDzBoW9xie1lybe5C4EmOakdGHUfMVb6dp0QkvLuQRR/E9T5AZY+QNQaVa+0Ilyzf2ppD+Jz8TRlnbLDZQOQHYU1OSakqckY4nY/rR+4zd2P8/6DhHSQA0v+UVwhvQUbBU/dAAyTyFDR7Rs2GkFogw5SznaRvl+EVdvw7RRYHkWbHox25isnYUxHo3NI2QwbKZ+NEelvLoK8MSvtFPM1u/wapCOprNFeZWnhJJXmhPTyq60y7HCJl9hxzjcfhceYP5jIq71rXYUGo5aC1iBBEcfV/It+YFO7HLGmpqYgVJmnHpOK3BwBnNYFYP3D6WiB2L5PxAxQXyHoNez93V9bi/8+GDgtv8AvOeFfyNMCzMdzxnmWPNvia1SRzkhkUk9efoYnnit+tEDehhcefOt+u1A8ipB/Kg4BAcZ3/29J6YrRNRBwbe/icfVVvepgrPEkm3mMmvhRU9RRPQ7istgnpUxBUiPGQOxpvhRVaJbtTZXpvVw3YgKPnUi9Qd6xXYj0Sn/AAH0Afez2p27mgKyaz+Qrv8Ads9FDftr+6Ex8o4uvzY0wGwzWqR9eND/ADroTWTXliuvlQ3w2MkdqOKJAqInJ4Tg/Ksj0rODhonV/pOaskLZaFB9JGRRNL57V3r1ecZ6jpRgICSsMSkHZh0rMe+a4mHt0afFTgdSD+VTA0cH0dxT+ZA/X7mKINHet6lJPJCaJ8/Rk7n0H7gUDLE4Aq+S3kDWmmqLGHzK54yPi1ZyQRU0f94iz8wc0evasdR+foPboaGDWQcnO/xo7AHqKmiz2YD9DWKIrFSJ3U1osRf3vT0+paf4UvkaB8vR9qiJDx7n4UjsQWIp2YgAULCPBHDljU2BkYpW6MCKlXsi49O1KP4n/l9zvmsejBOKnJ5BDWfOsKAPTlfuXmoyNwpaW0k5PbgVm/mKNzLkSTMZHB58TEsf1NMGzmrK8GfYcK2T0O1GtvlRyfR3CmiPngUSCd/zoZ5PlD86I/KiCfQ3lzrw3a/9C5MHyJanFEHo1KR2px/CcU6kZBBFS2UjYQsShNOIG/s5AFM7Ek4zTCop1/DxsKn80Q/pR9BNRr8WxWfTua51uRWAAqn+05x+nM04MhZuBsADAO2+fTgbmiWII+7eQI2JtVmSxTzQ+1J+golen5Uc1gD8G4NeolAw6BkPlTAbDmRit8EbDY1gVtkCiaOSCDWyLkbihIQMMM5O9HByfMUVNHarG27ajGaauMcmpSD0q7jHNeE4o1iPZs0LafsR8c0ZRzb0OAuSjZFXcfRUQfp9wn+FBXOjg5J7b0SsbY7tsKJaQYHRBk/nX4GbzLV7GE+ArJ3Pc1w5PtAr+YrB6ejHoy/3NJ8PK/uFl9okX/HNyP0rWKMkYyKeNjUZ/tQycJ/ynlXECG2rHpAHTrQ4Ry50FpowCQm9ZBIrI3BoitMVuTzxfmGpx50WHMUBV1Dk/tIi4+RFNk5xTA78JoyxD2kTjHy50JEPIYYdj6J1Iz7BrWrZdhEYgP8A2wfSaaM5AOeXlWyr6CDRGfThmAPYbmkPEYRxDhZufyFTDmeNv5+g9h6D0A+54rZuVtcpbL5IkSgUSelYzkHmKMsRyp/EBTKOUy4+Y5UAQc8OD8q8qBXc5rIHoOQcis1wfxjGDRHY+jtttWiXXa5UNXGvJgCPgd6IPWniPQ1aTDm3HCfmpI/lTFxgGpFHI1BJj8QZTRspWxBckgdg1ZFOD1BrxgJemolB8FVfQQKA55qNjzLt/L07sBR4InYjqBgVgmOMN8zWGMjEHBBOB+lEIAn+UYoK24JFTf8Acb+fowK+H3dfZP8AmYrWf/8AdoqJ86LREq36GiGBVhXGuxU5U+dMRyOCPnWxJPc+jY5ok/I0ew9BHM5qOQHKnPyJ51j8yawMCrK4BwY7hD/qxWmXoYM5t0STyZRg+jNQXGcCO8gyfi2KdX5DIqZui1GwH4HFC5jJDRuGBFW10rZ40BNGtaP94gtZ/wA4vS7gjKKTSEqMLvnlmsGUL5AUeJmf4nArCqoYdQK+A9GfRgVP/nb+fpwfuNJM3DEil3bsqjLH5AGtX8RvllvLlinZYhtGB5BRRYEEGsg5rDjPn1o4bK00XPP4RWCVFZG59BPX0EGsEBqeLYAAkGiOWPRxjmpByPI5pNMlf2biNZYqzRxV5Ipw0ckco8uFs00+A3HGH+JYZqPWI2SWQM0MkZl2IznAHTHQ0LuMErNCJFHWvW1Jo8r+1Gcp8D6J36vpVn/J6JoinVTjJAz1rmfvE1j5UpPRqnTs59PY/c8U6grYePTZETyZ8IP/AOqxJvHgAg9McqMlq2x5oOXyoq44TR6GiCM+YqOQHA4sGuEtXxPoNYPUVhD8KOelK3JQcHzogEFepogU4PUVoV+r+1CIy3wBwaimU5V0VgfIijV9BJ+F4WB8iBkGtOuWcBpbRM9thijpCSWqW7v6z1hizIqdRnOCcgYqOyXJjijEa554xVzGAeKByuPLNW90CQA4D/A0JVYFWUEfOtOn6T6LD/peQeg0oJ5kn7/DWfRKf4gG/MenPb7mtqvWW2Q/Ay0FiO7n2seVH2tq9rBrMT48jWG9CNnfAyKAG56eVYTI23Iogda5E1nrRVvl50+SMikYgB12I7+dGm65pbfi3jdlHwJyK0G76y2aZ+QxT9hV0oOC0bAfNTWkohGFgZGPmGbakuG3lyQWPnTYq8tSPZnXiA+NSL1VsUtpK+ZoCErwq/fSJf0nomjvQXmFUAfPf7pFYJqMjrkH0r5xr6T9zWfKa2z/AO9QVD3wfKuFx13NEq+xrDen1RGVzjPWg0AGMZPFRCjlWx9Bo+VNkZI3or0I/I0QOR9EsX+MEfPatA7pAV/JjT1NncBGqOD8Rink/wBRBpoUH4cE0c9qiu06AcVPKv4ZAGqIEn1Ux4WrwVe97C5T8pVPo2PlT/H7p9AB5q3pT/J93//EADARAAEEAQMDAQYHAQEBAAAAAAEAAgMRIQQSMRBBUBMgIlGBkaEFMDJAQmFxM9Ej/9oACAECAQE/AMrKyrWVlWsrKyrWVlWsrKyrWVlZWVlWsrKysq1atZWVlZWVaysrKtZWVlWsrKz+0tblYWPF2EXrdaz8VZCBQKHiN/SkAgq6BDHh3uzSacoK1aDkFYQKtWgfCONBBNyjYRdWbTXXi1uTXXlblJMGBHUSXyopnk5cmWmmvByHNLcr25Kk1N8BGdwK9YgYCEzz2Qmf8EZXlc89GqORzDhR6kHCYbF+CPJBRsX8FJI04tODe31QgvPZbeT1rqB108hcKKHgOyeaJUotic3I/vCY0IBcEjsggB1rCFbVSpafDk02PAyjNJjSWkFULQV0pAmcrCOEESaQukBhUoxWVHx4GUA0SuyKBRciLRbnHTno1trbjCuii4KKiMlRceBk4RcnGggShQ5K9Rowi/KYdy3DumUU0giwhRCLc2EWEJhoqDjwMpqk7GUWPdwCvRfXH1Qjc3kj6rew92ox3wR9U/TSAEgfTK9QNIB7qOFzjjhbWMwXBCaMYtGVh7I7T/H7qOGNxrIKa3Zi/ASS7OBZTNWHO4x9wpHtLcELUlwjJBooBwPu5J+KEcV3I6/6GAmN0oGAE6OJwsYWmJE4DfmpdTkljAQMX8UZRJC6hRHZRtjq0BDWQFK2LsaQeo33I0KXUtYf8+qimEmKo/v/AMRe8a9gBqgPunt5BTXbgoRujdEeCF6Qa0kmq5V7hfA+6Y0VZKLxWFACzdJ/I+63/T/4ntDWBo7JkgiIeeOD/iLXM7W3sQiR2KY7CEbjloUbfRJc457BDc833UTns1rDeHfv/wARjLvxCMfED7LU6hjXhhOTgIDaSEwkcIAOPvDCkawjIVxNNBpPzQeAKDQD9VA27c92532A+AT6ITW2whRF7BTXUjPKOT9go5nnunPc7B6MmaJPTuiqJ1cYHY/v9VCC9sndt/cKI+pqQT2v6qcUUwhNoqRqLg3ACMRd/wBD8k1hbgcKQFjbTBuBTorN90KGHJg24RIVWVqWBrg8crSR75xKezf38othCOncX72HCmILbQJ4CbLmh2Ur6amRbB/ZUTQASUTt4PyUs+9tKGSmkUmdyUWdissNFSOoWo1Ox8pAaFoWbWH6fTwDo9jiOxUsjY3CM/ywEMLTigb7m1HReXH+OPmmSBxvuqPYJ4ItRCPbT0zZmkPdKcSAVJRbaDt7SCt4azcUyPdbR3TGhjQ0dvASRh7aKh0bIn+oTuPAJ7D+lKzZI5qhcdlHt/6oyb2f2Vp9PbS4n6JrQ5wo4KdA5pALuUY6NDKY00q96hlemz07cFL+iguLI70tJE19hwsUodOyLjwetZw75Jo2PJHdE7XWFp3kElppBwiaAR3Rcx4oHLSiW77vv9kS0pzw0kNGVMTtybVENoINs0tI3awn4+EnZvjcEQeU4WQAonhrlG4DlTwgklhpRRy7S0uwmNnebc5MayJlDlSu7J1gJjQLIWm/5jwssdOICrbzwiKymTFoop0lmu6ax1conb3XqABVuNrYXFH3fdC0xuMeF1LKdfxRY3jhNYRynRg4W00mlwTGk5Tm2o2WnkMdfddlozbD/vhdSMApwsUUxw/Q76pzSOVZTMpgzS21yi4RMs8lWXEkpxoYWjFMI8LILYR0e3v3TJSBRyFcbrvCDWdiFbG5vCMzWkgBOJfk5KGBlRnc8HsFpf0eFd+kpvuja45RGEAi0jlWgSmgr9ATnblp8mlC3Y2vDauGm/4VDNuFHlVRQaHBFia1NpqkdZ6aD3pQD2Q8NOzcwogg4TJL5QcgQVeVd46Ffhjffc5Wgb8NqYfTeR2Q5QNIPV2UD0K/Dm1GT8Sio+D4Qi00U61rIt8djkdAghSwOulbUQH9JxUfhXhMdYWpi9N5Hbt7IQF8KMFkYB7BNBOSgK8KRYTMHK1UHqsNcjhDrfTRaev/AKO+XiKTcnpPoxIbbg/Yp8bmHa4UUDStaSD1XWeB7I8LXWSJkjacLC1GmdA6jkHgpjXPcGjkqKMRtDR7I48TJE2VhaVo9KYrc7nj2Sh4Q8H8xvHhRx+WOPCtwa/KKZx4Xv8AkDoUzjwv8h+UQmfp8L3HtkIdW4HhTx+Q3nqPCkWEPIM+Hsl1C+h8TwfYC2dR4h3KHUewEPDuQ49vgofs/wD/xAA3EQABBAAEAgcHBAICAwAAAAABAAIDEQQhMUESUAUQEzJRYXEgIoGRobHRFCMwQAbBQuEzcvD/2gAIAQMBAT8AoKgqCoKgqCoKgqCoKgqCoKgqCoKgqCoKgqCoKgqCoKgqCoKgqCoKgqCoKgqCoKgqCoKgqCoKgqCoKgqH9UNVFUeVhpQamgUgB4KgdkWbhFo25SGK0C1EnbqBOiBtG6RoquTMZlZWQFLiVIBABZKlw7rhy1XCVXJGNsq9giAMkK01TI72To6XZg6ItrIHNBpOiw+Fc856JuEhrRS4aJtkNtS60MkeRxim2gEWlx4WqLBhoonNNwgIQwrS4glHCxblfp4wmRMaryqkEVLCyTVS4EtzvJObRrkIQ0TBemqgheLPDeyYXb/JfqaNbrj6qTSKQQ9jGwhhschaaKjFqD3XkKKTJ3lZTnFWU0W0FFWdkNOpoVHiIQNK1jBbU4Ua5DCd09wsEIE8PVQIoqAjdGixUc0w5dTGtRABKJzTXKQ2KUop3IYSQTSBsppyootTGZoENJTHUzNCjomtpUi4NzQd7xtFthNbQU1g5BTijyGAWU1qY280QFbqyC7N7imN92inDhAKA8ESayTrGSJIKa/LNMcDkpW20rEjkOHF2o6ORQka0a/UflMnj8c/LNGRrtLv0TYpNeF3yTXFmZa4fBMxbC6ifnkmt4rJUs4jb7xXaSPHutJX6ad21fFNgmbq4INeP+X0Us87GkkAhSSF+ZHIMNhxKbc6gpujxE0AOtxvPYj7hRMcH1RWDY10wa4IMY8U4UAu0kaKiYB5nM/LRF+Occ3FQzTs7wJCx7Wuw5eVDg7HC95BOdeHqmYcwYllmwTkSpnSgkBE4kHIlQOnIBeLTmFuqmbUDlhcA+fIb5+ApYvBOw1EkEH+/wD43hIpOg8U97QT+MwhJxUQuDgJCxBIkEg1H/30P3UeIc4gNFk6eKjja13CSCd60+aMZGgQhcTmFjXtkIjBtozd6DQfHRYRxfIXu1OaxEBm/bbkTm31H5UMzJcrp24ORVHQhPhOVfekcS1opx0UrjPTGDI6nyUdRabLF4eKfoSV3COJpu98v7/+O4psXQGK8r+uQWDwcr4nyNGTRZQPFRTmtINrNvd1Ou2XheZWDMjO6c/if9hNbiXtsyBo/wDX/tPge7N0pcPgPssW73uFjeED5k+JWGDg9Yi7aqZiADKwHzITejsM4ZNr4n8qbBRDQUmwsYcgtBkn4d5g7eracvP19EHNHQE0h3y+KH97o/EuZHLBeT6v4FYyMQ9HPDN+H5XmsMban3aohYVxBUcTni3OoIYljWERDIb7lSuD7JzKwpbI+gpaArdQTuYKHyReJPejNeIU0heKVFWapdFl8rHxHS7XSeI7Do92EG7/AKV/fw5qUEp3SLWw9jI3OiCdqUALTwqhdlNjys7rDNDnUFLiO0sDuj6qWUn3RkEGF2RHxWDw/ZPJtYhlvBuvFSbAIzUeJpzVtkbY1GqYA7JPK6NxMWGDu0OZXTchc9oIom3EeHFoPlyATGZjTuFFC+QGQDu5n0RbssUbeANgApHcMQaMuL7ItIFDQIOaLs6qM8YBByUgnD7YUWyGi4o5g0gAVCXNefJEBrgRoUyEyTcA81HIIHCZ2jczaxE7sRK6V2rjyCGYxO4gsV0nLPF2IAa3UgbkaWfLwUL+OMP3WJA7TiG4H2UrQaf5BTShhAA13OnyTpYooyAwFwFqLGQytdUdEeeqgxGHkbZFJ2PgaHENv/Xqm45lUaaTVehUmIkdiHNiNj6Jh98lN95wadljcQ+FwfGacDYPosV0jLihTgAN635HgH5OZ8U53HHR1CYeNhadQnhvDwSNsH6eYTsLJIXOiNgD4j8pomYe0INOGpUfGIyANlDFISQMgfFYbAvnok+6N/TYJgYy2Rir1TiONMdVlY6S3hvh/vkmFfwSgnTT5q6yKjNA2nN420nB501XR81tqUB3qpsDhi7tOGj6r9Fg42ABljXM3msRM98pvJo0TBkXFWCSUCXU1Yz/AM7uSwuDmglB16JrjojEHG1AXRi9kOknaFqGMe8VVJzSTZTnVkNFxU05KBv/ACKxoqd3JcI62V4K3Gyg+1G8g34oSgFEMKMgqqXFWR1KldQKhYXjPRCl0kKlHpyXCGiQmncKRh7zfkmPvRNNBOdSLhVoyWclwuleANkxoYKCjZxEjZdJnilHJYjwvBQCZWmykhF2Mj4hU9tELicMiCqe7IBCFxzJpRAMTRxGlL+3GWjUrHZv5KzvBPaT+4Blv5H8FDVE2EKqgg0Ui0IgJg4imNDViCALOynfxuvk3R2Is0cwRRHop8OYzY0QNhElpTJMkXI+8oWBoQXSJLYCRvlyfAy8EgB0Ka7ibRUkFZhFniqopjMrtMaggdl0u73Gt8TaaxztAi0tyPJcwsDP2sYO+/U5lhGK00UEBv1NC6Vdcob4BR1VbBYnUHkjDWiPvspdHz9lJwnR33TT1EIhAWjkm5rGvLsQ8nxr5KAEizosRoOSwGwpW8LzSwUwmiDt9D6qlSoIBEXkrDNVKRJM4g5EpzwwUESXGzyWJ3A61KA9lhdHYswS0e6dfz1BFVmqXSWLu4WH1/CjyN+CJtDXkrDWR0TzTaHVgek3QDgkHE36hQzMmZxxmwjmqtY/FdgyhqdPLz6ryrqYLctzyRosFWSK64JnwO4ozR+/qsHimYlljIjUJ72xsL3aBTzOnkMjt/YiFuR1PJGbjy6h1wTPgkEjdR9R4LpLHMnAZHpqfX/r2WBHvHkkZpwVVl/CExP7x5IFIKcf4QmaJ/ePJXi2g/whRqTvHkoFxX/AeqE7KXvnkrD+24e2QCLHXGaKk755KzuuHttOyIo9QNFE2SeSs1r2wni23yhhpwKI4SR1j2NW8plG/WzUIINs11R5jNOFHlAHEyusGjaOpQdv1MNFObyiDNi3PWTZJ62mjaIDgiKPJ4NCEdT7cZtqkFi/6f8A/9k=','Doe','0123456789','123456','$2a$12$FSeScpuqinOPZKiyEGQAsOhfVupNGm4Sy/SixFaSmwU7EjpQVAXfu',_binary '','USER',_binary '\0'),(2,'530601270','Savings','Mirpur',1960,'2024-09-21','1990-01-01','nusrat@example.com','Nusrat','Female','profile.jpg','Jahan','0123456789','543423','$2a$12$q5Za/H1.q0tcFELxTv/oQOLgKMWsiIBQRiCBVTugN3.GI2qDeUMK6',_binary '','ADMIN',_binary '\0'),(3,'335875110','Savings','Mirpur',500,'2024-09-21','1990-01-01','nj@example.com','Nusrat','Female','profile.jpg','Jahan','0123456789','543423','$2a$12$3Fa8E7PPY/p3GBrjWo9qEedSjlGCakGDy.Ay32j8TCMhFlR8KnKNy',_binary '','USER',_binary '\0'),(4,'411652729','Savings','mirpur',4000,'2024-09-21','2019-12-30','jobeda@gmail.com','Jobeda','Female','data:image/jpeg;base64,/9j/4AAQSkZJRgABAQAAAQABAAD/2wCEAAYEBAQFBAYFBQYJBgUGCQsIBgYICwwKCgsKCgwQDAwMDAwMEAwODxAPDgwTExQUExMcGxsbHB8fHx8fHx8fHx8BBwcHDQwNGBAQGBoVERUaHx8fHx8fHx8fHx8fHx8fHx8fHx8fHx8fHx8fHx8fHx8fHx8fHx8fHx8fHx8fHx8fH//CABEIAfQB9AMBEQACEQEDEQH/xAAdAAEAAQUBAQEAAAAAAAAAAAAAAgMEBQYHCAEJ/9oACAEBAAAAAPVIAAAfD78AAgBEAQE4XIAAAfPr4Ql9pVQQnACIACFyAAAHxRx/OdNwuz6hZdY3favsyACIBBMhcgAAD5T5Zwvj9re0s7la1jhch33v98ACIAIXIAAB8+cJ8iWkJ7RdY+OwSt7iOQ9lbAAEQAKwAAB817wvpFK6zGDtKsrvY8/YafPfPZmzicARABWAAAfLHxlx20+53FWkITuq20ZVoU+n+18iAIgArAAAfHlnzVb08hLHo0VW7vdq2jTtch3f13OE4ARACsAAB81bwRgKLaKs5W+HxtLL3dxuENPx+T9cdlAEQArAAA+PP3lPGUsrsu17xm2E55oEsmzWY03BXu++3604ARACsAAD5T8Q8psrro3TdwzF6jgeS832jHTzGHwWC2L2L0ucAEQBWAAB80Xw/rMNo7ht2avr2rdz0nhuMusVm8PhMVb+mvSYAiAKwAAPnnjypj/nXupbBk8ne3d7cYrg/OY/PrVL3Uuxe2JgEQBWAAD5beOOJUs73DcMxkMlfXVxcWvL/N+E3jUruu03Zf0PrJwBEAVgAB8ab4Mw9XrfQNgyV9kMhdVqtLSfKumdL5zW63rOlXvuDooBEAVgAB8ecfNGJz3ZdoyeQyGSyFxWk1ryfz3fdPxnS9o5ZS9VegJoAiAKwAAfPJ/nq423reYzF7kshfXdVDH+YuL7hHRst3LhV73X1nNAEZRAVgAA+eZvNey7h0W42O7vb27uKqNHkXlTY974lcdS5vHd/fdUAIgVgAAp8X8y2/XdlsqVjfblsF7dxhDVfJOF6FznHdK1K3yvsTpOQAEQKwAAfPM2l6F2fMW+btOb4LpfQMxVstR51p+j3Owc0yWTvdt9S9BkAIgVgAA+cG57jehW+N0fD4feL3aOp5jUef6vp+CtNoxek7l6IyHc6oARArAAB85Tx3D9FtaOKnR6Xr9Loub1/COO5fFbhV5py30L2zepTgARlEKwAA+NF5Jb5iW0Qsp3tbQaG33E8evbitj9U13E+ktzmQAEQrAAD4xHC8fs2P3LIKVvjOe9Iw91uEyFLUcRvWV3OZAAERWAAHz45TzbbcfnshXo4vVNq2yrqOT2hb2VvhMxd7JmZkACKURWAAB8s/Ne667mshd1cfisrtzDYqlmrjG2+bhmNtmEACMoisAAD4w/N9PzGYydvolve9GlrV7quaz0qyW5ZEITQAIisAAB8+co0q6y11ZY/nWP33MZXY8fomx5u6rbHsP0EABEKwAAHz5zDTJ3tvdwpW+b2K7t7fFaZnc7fbjlwEACIVgAAPkNB0DYL235RY5vK5PIW8ue7htt38rb5d/QQAEQrAAAfGt8g2bJ18PyrMdFzfyy1/EdFx9Wldb3MCCcAIhWAAAfI8OrZjIW+E1TPbFVtLDY6sreht+eAIAEQrAAAHzV+OZvaLGlNkFwTYzK7xMBAAiCsAAAfOE4/G7blaF1lr24hj7e4sodCrTAQnACMoisAAAYn89O54y46BsC9y1W3tJ29ls+3QmBCaABEVgAADm/hva9zwmwdF2DJ5irStKWPvdqz0wAgAIlYAAB88l8GserZXR8rvG8bGuLeF9e7bmwEJoAIyRKwAADnfiixtJ+i8TzLGbBuGbzeQzuYu8lt1UAIACJWAAAo+G9Vt7W03b0fhec4XK5XZslm8xd0ehVpghNAARFYAAHzSvGlK0tLKPeO5NS1nLQyeQyEm4ZiYBAARFYAAPmJ8aarlsfaWVvceuukVcZqVzCdXH5DcLu6mAgAIisAAPmH8aaFcZuFK0tGx+0s9Vs9QoQt8Vmt2nkoTAgAIisAAMd485lDLT+XMLejcdL9c11ppmNt8PPpt7W+XcyCcABEVgAHzD+RuZrq7q2sL2NFd+iu7PltoGIsrrds/Qo1tV3qqIAIgrAAfNX8h6RSnkKtxPFL9FkvYe4FDQMFk73e07TyzoXWerbzcAIgVgA+NP8g6lGrdwuLiqw7J0lXoXryaNtz6te7hcQpcD4RZQuOoeiNoCICsAHzRfIeuzq1be4rXVwpYS7u6K79Jdm+/IYnnW/Zqso8V4JG0t7fO+puhAiCsAPnP8AyTjZwnCrPITqzhj8JkJwnnfZ+V+KXGep5eFSHFfPlWtClh816528RArAHzVPHWHqzE5WuVuq0J6vSvS47d6KfMPptXLXuarcP8/shE1zq/q4IgrAFv440qdKUZIyuJ3V9BS1ydwne+y8/W+Y/Utpxmau/PPE4XdxBj7r1lvJECsAcX800YpIrhRrXtxcIY/D1qqr1j0hkDXdhxGD3by7y+3XFhl54Luno4iBWA+W/izV4oQivZoQrZWcq1jiqSrN7A3WrGzu7Lk2x8K0qlaTzFKWP2b2kRArAfOK+aYUrSlcXE5XEPsIX2QXGtVcxiaU7ftnpZOELWx8Y18ZZZi6jRjb1fZuwRAVgPnk7mFlaXFWslGSalcZWldaFHZ83b4SewertvnCNG38a29G4nC3jRnd7T62+gKwHzxfolKdWZIRuKOP2OrHGc23TaMlHGVd89V1LO5pW/mfQfsLi3t52lxcYf2DvQCsB88ochqzgmT+ThSqsbtuMzHNcXum2zY+49E9co2t7Zcp4Fm8D9o0p2Vdh+y+oQFYD55+8y1rqacJpXE1vSW+QzGuY3W9+2ilb0c36+yRR8j6/wCvqPKuVYRYShPJ+pN8ArAfOUeMc1OcCcidWdK0uKVW7x+lZDfbq+w9x2jvv188uW/puU5c65Jz3H0rqfUvTgFYD5zrxZb5itCBNKcF3aWWTx+axVpp25b1b1sdd+vNk+/PPGc7AlR+zwnF+VYWrkPZ+UBWA+ad4lRuEITmlNBO3WmwYW9wmD3/ADtbEulenptao7At9fyt6+2/HOCX29epagVgPmp+FpVqsJwmnKdWJLFXOSw91O1wu/3FXGR9WdA+29pcWlXxrj9t9K5nE3seOcv9F78FYD5i/wA/qNxcJkxVq3NjSyGq5e7w+wYz7j96q4+32X17d2U8djcB5bq7B6wyfGdQ3LqH3Wt9CsB8x/571oXEvvycJluuMrrVxVu2HztvfaluGVlh7X1rvuFxONzFl5213p/oDMecKMcv3acpzP/EABoBAQADAQEBAAAAAAAAAAAAAAACAwQBBQb/2gAIAQIQAAAAAAAAAAAAAAAAAAAAAAAAAAAAAAAAAAAAAAAAAAAAAAAAAAACaAAAAAAAAAAE0AAAAAAAAAAJiAAAAAAAAAATEAAAAAAAAO9jXxyzvZiAAAAAAAAEc9VfEbNOmYgAAAAAAABjxxBP0NSNkUAAAAAAABmwQ6mtVaPSRsigAAAAAAAPPypJ2Tshn9btV3awAAAAAABn8+KSdk7IZ92qm6FdgAAAAAAHYebXFJOyNiu/VXdLPcAAAAAABCGGuKSdkbFd+rPddnhpAAAAAABHJRXFalYRd9HOvZtHQAAAAAAjkor6uRsIoeiz62bR0AAAAAAohfnpE+RBzZbnvsrWIgAAAAAYa9+ekS7AE7LexsK1wAAAAAGXPbLK02W1Zs91lNl95Sv5it1gAAAAAZc0tWV2ztlOeVkbL6+MzVfTdMAAAAADPjsvookkWdsjziLtd1WjXwAAAAACvHC2rk0SzNZPpFyycLNnAAAAAAGfDdn0T7FS7Z1Yrr67zbdEAAAAADnfNuxpuoLLKktHK4mnQAAAAAAHceQSRWooJizXYAAAAAAHceQRSdSQTGjWAAAAAADmfEiiWTsVw7BOzbPoAAAAAAcz4kVyuzliu7NFOzbPoAAAAAAHk94nZOyPewjXUlftAAAAAAAMWY5ZOyaVVVfHfRsAAAAAAAK8EBGy3nayPNukAAAAAAAMFAjZejWQ07OgAAAAAABnohyvq6yqtZ3ZYAAAAAAAE6KK+QgusqrsshssAAAAAAAFnFFdPY18dWObLAAAAAAADs+FfM/IFQnssAAAAAAALUkEGXPCsWWaNAAAAAAABpRQHM+CsWWaNAAAAAAAHbJAK2fHV3izZcAAAAAABbPgCrsY48xZsuAAAAAABbIAQhxDHR2r0p2dAAAAAALZ8AHa63a8uav0p2dAAAAAA7ZIE0ExlEMeX0ZX8LO8hyVcgAAAC2fATQTEc4hivnfwstEK4gAAAdskCYlXxNCuAqw+mFlyKTPXIAAALZ8BMSr4m7XQOeR7AWXJIq64gAAHbJCYAgmKaJs+PVqFlyQiygAAFs+CYAgmI5xHPqFlyQiygAALJiYCSIgm5XUKbJFlwkVqOAAAsmJgJIiCbldQjPjs7hIrZwAATsCYAOVys4gZ+gvtrWAqrgAAE7AmADlcbJoLM0QaLADldAAAWz4JgAM9vbInMwJ6OgFdMOgAHbJCYACFdtkRlBPRBYBXGuIAB2cxMABBVf0Qz9FtmZdb2ytFzPwAA7OYmAAgitHc8BbZmcn2y1FPPUAAdnMEwAEK7LODKLFYJWS71nrkAB2cwTAAdrrsmI5wAjZxpV1xAA7OYCYDldogk6hXARsr51JxPtucAB2cwEwHK7RBFa7XQIVXc6kz893zod4AAsJgmAgmgmgmKYQpyz5otTZ9f09HzgH/xAAZAQEAAwEBAAAAAAAAAAAAAAAAAgMEAQX/2gAIAQMQAAAAAAAAAAAAAAAAAAAAAAAAAAAAACIkAAAAAAAAAEhEAAAAAAAACSIAAAAAAAAAEkQAAAAAAAAAJAiAAAAAAAAASBEAAAAAAAACRNYK4Q6AAAAAAAAST2aLOuV5cUQAAAAAAAJOWehs445a8XMlXIAAAAAAAk5s9GfFSuvVV46VcgAAAAAACTvqaUEIV1z0eTHRllKsAAAAAACTT6nUEIV1z0YcujLLVjAAAAAAA7Z6mjjtcIRr7ozebpph6GSMQAAAAAA7s9BN2uEI190U+dpqz6LcsQAAAAADru/YkiqrIWW+TZbib/P6AAAAAAWdh6F6SLlZCzT5PN3lNdFYAAAAABvn53pTsnXzpETx5NuON9UewAAAAAA9/vk6Z2TrctQHIZarsXbNefOAAAAAB7WrBDYxQql6VlFdzNlkvhiu9XL5gAAAAAHpellxa0qoZ9ezJXJC2t6FeHDurxgAAAAAbPWy577+IKoyrhKaSFnNmXy4AAAAAAT9lnu7F1Dt9cOQTTqq1U+bEAAAAAB6GunbmojZO+mWedUu2WQ4l52cAAAAAB3nu5tve9r52OdbZRmlOxyjz+8AAAAAAO+hvshXJ1VXdZNXX2urzYgAAAAABHf6dkK5LXK41z0chCvzaAAAAAAAd177JIuq4QtNKivzaAAAAAAAR1enZFoTcqlXYzu1+N3gAAAAAARs9jpbo87H2MtfpedJPH5wAAAAAAEZ+hqO6PQx4ey2YqbDyqgAAAAAACz2IppWZuuRc7jxgAAAAAADu/Um5VS7pgZ/PhMAAAAAAA7s12cnxVXbZCuOPOAAAAAAAHZ7LJ2SVV22UVxx1gAAAAAAAX2ak7OoqFeOsAAAAAAADll2idhNBXjzgAAAAAAAFrZr7ZWhCvNRHgAAAAAAAHTXtsIQrzVV8AAAAAAAACXrOdcyZUQAAAAAAAA73doJ5MKIAAAAAAAAD0dU+4c+fgAAAAAAAAB6exhz5+AAAAAAAAAD0deGWGIAAAAAAAAAepVDF0AAAAAAAAALfS82vgIpAAAAAAAAD3PIqAikAAAAABFIAF/rYMyvggOpAAAAAEUgAcntydr4IDqQAAAABBMABpyzREXHUgAAAACCYAAkiIuOpAAAABFIAAAEXAdSAAAAIpAAAAi4DqQAAAAAAABEcB1IAAAAAAAAiOA6kAAAAEUgAAEUhUk6JAAAAEUgAAEUhxF0SAAAAAAAAAAikAAAAAAAAABFIAAAAAAAAO2RQdd5wAAAAAAAAt00wig2d8jRIAAACKQAAAv1aa+46a5w2U+Fd6AH/8QARBAAAQMDAgMEBwYDBgUFAQAAAgMEBQAGEhMiBxQyARUjQggQJDNQUmIRFiU0QHIhQ4IwMTVTkqIXQURjsiA3RlFgYf/aAAgBAQABDAD/APOZhWYfN6uYDq8nxc3SI+cRqVm4uLbC5knrdg3uH0jbFilNBmr3ycn6WSILALCCBUEfSemOx9quW+2I9Km3V1mqEmyVa9t+ekFITSgpxnYUbHN/SHvQnDTX8KKsnjhairVdzcNwoIOo7irw6fK6SFxMiPWAgEhMcc8un4kaoCBGRiIXd6Q/DmA1UuaVk3V4+k/eMsaqULpQbeWuSTk3BupF2q6d8w4VMEhMzpuDhdXSHeqiWXheRjFscDF1nmjHMczJmCq59zTI5q6oZu4+QSAxH3rhjPCGuq3Orb4hX1BGAwU24YVw49JpVUG6F7k10o+TZPWySzZXJL4eZdg9mVektf8A3ZCDbDVwQvHz7JbbRn5irxfKBkDdFwqeKAHnEsXY4ZHpGbeJZmZOg1VZacNfMUDBIYm5FWq2K+ZB3yxebV9VqlzEy1/JqpOm602xQWBJ1FKxLhvLW8+AAdcrqvoOJQVy0jzsDiI7taWb9zyulG25cLeUjm7nVBWgP4aVXhekHa0UpIy7jSR4jXhJXZc0hNSHhEqfynQY4mRU0kDDwkkq75WQRy0kkqdSb0/dnpJarjq1a5vIceoQWWS6TxBpLLIHtPGmNyGqjpKhTSexMEFTb8vPW8Do+aZx54c2+anpZnpOZsHR+Olirwr4rXRZz4E4dxqsLJvODuyHCTjvCP4WVSso2jI9Z88VFJvxo4wSF3vuTYEQRThwapmRHkZmBfvLMj27qBukzj8iABVVe9QjvosyDd6sKSPGgAC90edN1sd3QcSqk5bqpEGdRhrMzx1dVlc0C3kW/NJHg4cNHDVwaS6VN8EjEk/FS4UcT3tszaT5IzKoGej5yJbybE82/wAL9Jbiim5ke212CuTN2RqrGouedZ/5Qb1T2YpDth4811gMg9nljNVxpZ5UCOOYl1midG0xACKsMek6z+agP59wAGruLraOzQ0iHrYqpYZDubt3aRAA7ib3HBkjk5Y+Mks2SJEF0KS98BDtP0fOMpwEgtDzrj8FRLIPhXEe7EbatV6+7VdN1cKxqyDh0u45g1S1Ty2ikqqGGKW0G4H0iG9pGLaWJOOXSC3mnMJFzGw7Q/lIGCtI2nIILBrhgbu3FUgyEB5d3CLCfRsNvpHirlgJmgrt3ii0MUQdJb26IAqka6Ab45wbVbSw1UmOCR6GeYXCLhJIH/i4Ssek41ZaK7BTWae1AaWeKrTmGrjd7O49HjiA4lob7vSP8HnwgumvSOuw0nTeHa7lZDRVV1Vc+XVzV3fygDLd5YwNDx/+qjLefOjAl86jLFdluHV5eG4dbEiXwOgsBoPT1q2E30jyAKkeHTckTLl9I7hsDHMtLE3sDy5kmptStzBq+VYvtoO4xVjIguhuN9HAkeSG9KJMyS0PO78dLmhw5hwxOJfN5aJPSZTLZJFya7QcUmhuHgGWeqrw1ux3FSzKVQA+aaOUXjVF2gWaHwdwqmkiaqhYpcRLpOVnpWV1cwdqmqfXnXUeHkaNzIwGrNtk1/HFLEIyBSDAh8I45jpBt3U0DZuDCgR2UaJFnRscgxqZtsFUj2b7xs7Yeyn0YYhzw+E4RYoyKRiO1VFE3USqOeKsSDgVUdIN62GbdfD2U9Fq7dtXwarWQb9qDpVqv0JG7Zu8s9Jwk70OXnWYY1wEuDtk7HSbZ9p/COM0/wBz8PpMhPFeeWATNsJ5AseR4jQbd1WXB94u8SzJKGYpJIpJCGxi3DrpEKSSoEjrSCm7cPPS0cirnV2W2kSJ7MKmYwGctpEGTePBwzYuNUz1cEUHxvBD2d8icdIGhmYtzPVMxGpnSVR697Q3Eix5MjxkJlECNJdISFKEkOTdmWWTL0XZ7Qlnturnt+D+k3cChIsIwDxQfLb9IaMP9AbjARrhxGaTTIgxOObmGFNApv103CgoApuAYUYBn9Ey0BUDEgriVDYgaqVBJgqCS6tMXCPKaRGBhch/hkfJnuNJ2ardJBI/aAcJPmiuIYU+VNm7ByJ7J5uBN3CtB5CGuAk4kxvm3xWPakewctvwZfxVdAej0lLpSf3/ACCDY9qx+Wsw8ob7egVnRgRdFsRwM2ID52iXRTQKbhvpvhSX+wMxoDrOne4Kvxjqt1dlSxm2VkI4tlJSxkaqobBdmq8sCQLDxTkTzAxOoyTNOWAsPCvGBNBoa6R6rVpgvDNFyCtE0nCqHns2cOFnI+R8jZdFUBVQ3JVn8E4jXmjaVmyU3t5mTcKunZruj1VcD6iqPbgu4DLotaJAUtXCoxtgiA00oA81JdA03CkuvdQUOGeOdfSVOA2VdjTJsezfxKDk7hAgpHWLMRKrWcd42xKtSPIzVxwz2E4dmksCqR4nDotLmsAUkNziDaYtHCBmeEsksEs7HzxgArh5w4E3CtNcNYpVc83XwTGvSck9U42KEskjDI1SLeqYZHjVvR+T7Kreb+CAj0MQyPEegOukt1N86SpIMqDOsN9BRgHyb7haZInXGhvpTyRUyIAMSPcPDjPSeoZb7rbmzmXDMqM/CDGuC8toSxxxGOlOQwM5vIQ0gmVQXuF6XRUYfKuMSr0WJA+Smooi+DcflTK5JvVPfJvVtXQQ21DMTMNctwWKx1wBXzxLTSRxpptOm6OQZUkFN0aRDZSIUiHlrCtmHqk0ckTrjzDeMDoQrDS/bw6cN0HZ6vRxcjO1C4VXPZtH/p6td8o1l2rhMsDvJ8Cvd66oYm+cfiGv5z0iDNIzOvRpuJFvdbJsZn9gfBfSbhuWmO8CNJJq3aarjSa+O4fN+VhmiRBi44axnsgK4bEUcQpoAEYU0wSS3daWHUNImGYUB/XSJ/60j340Z7KzxOtWnGGB1xbt4H0Y42b3aJpJbve2AAKzYJVeMZ94bOeuBMVZJLt2GkVRpopPg1OgHDte04wlT1RNIyBUVaYqkkekVcJ7kOCu+MdCBlTR2i5RBVLp+Bq1x+kIB43a20+X0nF2WotHOm6iCWgrJmkMskRZ8rw3aZQer5FQ8tSE8jHLA1SDVdH3y6DXIFTB3cztjhzQOAqJ4jgJgKquVRN4xjzDfpGDukXAF561gwo1q1v8qjWDpq73ceLc0lz33uxSQmXYpY8vDSDtg+BdBU0nEfc0mb7vFBJIKuCOCOlVUkDEm3WQljVuTJrtEWC4jpSGA7RCkmgmlkkY6rFJU3aSqWAK2PxhgTtluMoroPIeQCQYt3SRZpfA+OQG6vB4r5JNv3nBgxVMwlyZSc4tJNnmrzHDp2CVoNEFwwVVWzWAR6IzlxcKutIMwkG49XRJycYSWK5hhcLGDHPk3qQ0xfPklQ0HAFVoXu72IPutjMpK7qbu8go1dmVOH2ke6rkvF2OaTPMKmX0m66jMAdwMSuZ8y9SKp63uTWMmZ6qVt3X3cqklIJZpXjFQkvEnNQpBqmCo5ZDUU+7Wq2vvAzwdZlhjUdbEsubcmrRXmI+BW5hJVdIElbR4T2bHA3cmy5mQDMfqD4HxBiwfXc97C6LkiXCTtKRZn7U3bgLs3TYzSVjG6SDF3D04A8NtO3YNkdUtgS12TMi4NCMMwSum1rhjkmSqrjM7ZSt1y0l29xyknHTkDw9mZG0PvDpc0qxjlUmiToFTextvO3AONJUzqDR1UgpZoAhiVXGB4GInvdt1lcyE9kjHSLpi7fRzQ3EfayU9cMw4ikpeLt9Vkc3OuzSFvquAZN19roKgbTkEM9AEnqV0WSp2NDfsm6oGAaW7yWg374fR8ckHipWwq6bmkwcAzSsbhxCPrhI8yNojmQAXm+CXrGAlNPV/PenNlmkkZiHDVu4dSyUcvvSuSTiYm4WSr52kyBE5OYcKpQSrVBk7sOWdB49yuFaS4a9jR2DoJVcnUjGTLxoLGVcOJRklYEYqtmgk4SVg5taHttvFRkFm1hIlovc7h01SbtY1aG5F3tq20vBCnx7KOMReOAFf3Uzbyzx8Y92AuwN8iTRxCvoRUUpPg4Llyqqu7ZVZdvR9vA4XSAJSQfcMrhfSyr7AEKhrOVapAOGBy1rZ+KRmIcSuHEa7GOcW+30JmPfS0PJgukZs3fDrig5mIxVrIssjsR1FdrddVmROKb54bgw+C8QmgCu0c47bpbo8weNWWxSa3IqaXurxtGGuYQZyeqNWQAJWnFIAZnSKIYY04iQV8lKwJ+U6RiTHqOm7cEj2hlUgi3eBpOkgXqQfT0VIuodNp3o0Y8R+Jy7BqrGMLfjU3vEWTS5JIrccOjRu0pVx3Za5IKy6tmyLndJ3RNPSPhfbGeRR5ujb2BbzFXVZ24wbuEYFoPSy0KRhsdyTh0gZtJkQ8J63dA4fIk+SiZFubOQWj8rzmFf5Trhsyl4lkcg3MqD0c5lB2DmMk0nTLh1AzELbzRm+cEaoYeX4Lc8P2S8K4YiWCxo96tzFVLScWyroXYDMqkTxzqJ0ox27M/8ACmnQCo7wR/ZRpfRRgGfRR5j0hjUnIt45uq8dGDVpIJPrhlnDNUFWFQ1vRnLh7OGHEW3gZwne0SlpP4l8aV0gS57EVTLqoKzOs/pozo8K4jdkkpBtQiEdaZtO1rkiol2rPuOakEmjcImPaiG9lGpKKtWw767f4dnwUwEuqsR/+qviA7I24u2QSD2DmAQuaMXqbRMQP5oxwYLbTpvGNB3NVVY00VbkS2i4YPA5+4ek4RJWln9waXhW+Obha9Fzxzi4sJuGBU/FduJGQYPSlGxruWSTeSjG4CiFO0m6qoCrjpLQ0Szi28Iq410mlw9sWGFw/lEW6LpIHLVUF0O76WaHvxpY1Q2lTg0UGirxdUG7Vj+MS7eYwMYgwzw2ZjygIBzKoZnbjVYW/MuezFft+DyDFo+aG2chmlfkI4iJXQXDErnDHVLyMTxKkXfy0i7VLp60VXB7qM3BdR1Ju0mrc1SOkUvZzVV3uINviiA+RuGLcKcBs3U7YtF80lQ2LPncZhmeKsf2QDpc1kAVi3rfsuT7Q7W90KmKqN3l/wDIGuLiMudfPmrocYN7Qg+YF48FWWeq5nuLeYHpYFUS055xiX5cPhBhlU5bMJPNxQlWgORvJuCBqpDSXWGXQ0D+umgB++gABp27BIMqu927NuZD0BfUNyKSurmEDfkS+MO7nqS5R0yiqlUjMgAdYUtflvIOASXdhm7NGRPJIPCkW60c71R2pR8tmAb6Sd7KzzpGjrYLcMqh2PLMQEhwV+E9n8P4Vf44ypD5TAxOm7gxpo7/ANZSYCHyUDtV0eRe6lm4Lhj10+tXFUzSHGkWjdJU9VLlXEHLOwYgkqrrq8i7k/enkDG0GgmCqob0mgJI4jUnHA6SMS3A4N3BO8VcuVjJtuqG06buwPppFWs6thukSJLkIkXwr/nXERPs7JXPspulkZ1IRxoAkQ9DFiRI1yhE7MVw8I1m/k6MNXqrulJXZhQWgiuYBhUfaDFDpAKYxKSXkxpVEEvkpU99GdSLdF0BiSQKg4t44wzdMc+VSRfNUUletuiGzdQVbSeMbn8M4mNP4N1fIx99ThEFWiWzMIxvsxp9HuCVVFLAKve7LstmR0F4olUre4hXPNClyrdJKkpu9ycGgCQZxju95HPQbuAPvO/45wkg5bmZvv8AiKu0NcktJulA3kux5rMEqO1rvJFLSk8FZu5r/Y3M9hGrsHQWbB31I+2TUgCTXu7SM0B3As3S0tIQoPloTxqMQ0GKCXm7P7+34V2VfMYTyBVIdyrQ/aKA/ZMaicCCnBgK2VXJCNJiPNBcMjRtN3ATISML7QETxNhkHCzqThJJq1tu/wCwFW+r3q3QNxdlkEs3/GGWa172pvQbuucVK5JZWJybW+uk4uN29cNm7N44EH9sWgx5pUg8WgAEg2hsMMnGVbKPzlUO15uQSS/lZ1l8K7KMQMSEtw3XDqws6qh/KYu9m6oxxjtp9uSyGgW8tTMSC56o7Td5oHpPAqBbqqnqs8RpvzyD03hMkOxVFG5HLpVdDFnUxEyYAaTx+q8ooYz8LyRzTlW+kIb1lgS3FvoADqpUwrOrbj+WZa5+/wAvht92uM5FeF2fY/Yu8D0i2KsX2Cu6gVAkq6T+g/rrlG6vUAUjAo+XAaHvVIDTyzSAJMuroBifWqe3RAems8aDcGVKnpBSyvlq3InnHGuqPsvb2fDuIfpH9jK6krQs1qlIS9zKhIzEgqh/iSMzkAFnvhpwF0g311B9Zn0Zdbb6qaY0Bo/KAGGjS2GG2lTD+szyOukaduPJUTGKybvSHYk3bot24pIDgkPw265LtjbZlZESxOMkzjLpZSKvXMu1pNFvMRyuD0Jtu88UsGr1jMuGbjS6Tt64UXSIDnuwBXcPQBmNJGZU3bnhXL7NwbHAaVec8aDrp87BIMfOAGrmRe6swM1nK+OAVh8N49zyUVw5fJkXizYAqqZVw9vRVAwh3h1Nx2uHPM/et5w0A0HQG6ZQM3vBdq41QibsAsEl9lN3aSvSdNzOm77YHXXPf61VsvU4fIpBiJ178zXV2N+pLaGAWel9jBdWgPL4d6Sd/jMXL3K0PJg7VMjow3gQHgVgXJ3mxNBf87OW3r5roeE4cA7auMhzau4y+nCHssslrpQN4mB4tXYOgib3bkYCv4SoXI3wy1cKCebF/NrvlHDLOnE3ltSpHNX3tAGX7AHFKrbwSikhofhvGPiMjZtsLdiCv40+cLOlTVz3qpUYVHSLuJkUnzM8HFuEyuG328mz91cNnA8DcGKszAu2J6S4YAGYhoOgybx89PMcBBU3jWMvRVVLa0ScU0vFj/NjFRNvdTFXaIGFNJMCMNLYDFXKkqAKtOWzcOGpUG3b5Pha66TdI11S7AS4mXs7u+6HUkRny/L40qlSqVGHlrhTe4WvNk3fF+AnGAuHz1J2g2dJGkukBJXDw4fRma6AG6j29vGIarUNVJpAougBVAzybpKtcBkwAUm8G3IMh6G8MA9NMUjGm/RQVErHmlLD1tVRXS+2gPyl1fCuMUmEdw0uBXmBbLpNEhSDGlUflpVKlUqNKsK4CcQOYBKypY83Hd6SoV3MA+Srh4WgqZvoIBQdN4bNU9poPUYk8DzATBKB5HxY7MG7QAVACzMKbt/rpIKcK4gdWcCXI4q+6jjNA9BXr6tw9Q9uXZ8JuS5Yi24heVl3AtmXF/ipLXtJahezRtvSwOg5Nfa4Wb0qlSoUsl5qwpvmkYKpGaSvBziKlesIfOYJXIDegb1PWi0lR1w8CS7I9w2cE2cpaS4NwKlo5v1DtpJuA0ZgNOzPl1Tq0zxcaBhsNLVS/wC6xVyotu74RdNzRVtQriYklcG/EfiVK3bLG8kFSJJVxqn7oAppHtHRgSpmkrrO0vZXn5jMKcI7NtKpUaVAFWjccrbU80mo0sXlm3JE3TbzWajC9nBKuwKlIppIJaa47nke4ZK6K9GeX79lKnU270IxwrUCYd4JKj0N1tgFSPgO9LyV2bSx8vwWcnIyDjF5OUcC1ZcWuKL28ZbVIibxSp5eSgRAuqoxojmapGYg4ScvsHWZpKt3AOkuaEMXAK5BSqVGlWFIhj+/g5xKOzZv2kyO3kTBYBUAxIPU+YoO0CQXHIJOPcR7jSV3Aa1LK1N+O0WQLo4ayZuo+MJX3sYtsV+fZm3yrvBJLaW6gk25bSAxoDAvgl0XZC2xEqScu40G/FHi1MXfIdnYp7FH8xqmZCe8Esj2ngbRu4IwSSADVzBXwEj1W+qfSVPtZq47xahkax4YOW25q3VBUN1KgGdGGR0AHTc99ej7xH1UQs2TV8X1dvb2f86eM2zxsaC4ZJTUQ6jVu0FN6B04DVzDyQbQEG8fIiGBxiu8KcB4WI9QNKWYnhUeqqJ6RnmUZxrsRzIqxUi7KElEVkl0RWQMVEvgF835DWhFG7elqOeIHEOYueSVev18iM9UzPAK0j83Xonn0ZmaXKgbMTxVSbo+XbQAGG7cZh5qNII5YxP/AA3xmqxjSS2qGQ0dYY/VQHUc+cNXCTpqqaDrhnfLe8LXRkNoSHrctW7pA0FwFVKdtpWNVzSLUZglvVqEb6tsKiPWxWyMEioAyAKwMd1AYFt8zpIBUA+ivSLh+7uIzh4kOKVvXlcluq5QUm6jatn0pZ5tilcMahJhbXHnhxPECYyBxjptIR7ksUHaSpfrOInEWJs6M7V1yFWQvS+Zi45BV8+cESpmZbioD8o9eAD1ba2Mz1eiQRMOlINiOfm3V1bi3Uj1/JThuC6OJBmGkqIcqrucN1cT+jYQbaPo+WvrpI64S3/9z7oSXXMu6EzAwEhLIfV2dv20/RBduSRgKqUxDnHuiHqQsVYFTm2NBH6TtKs8TD1El8tKgRBiVektHCTu3XhDucR4eXrNusO3qreP1U0k3DXAasPjhccEYpkqUjG2ZxFtu7Ufw5xpvf1PEzifG2bH4/aC8vdd3SVwyTiQknBLr71z8ADVrkXeeWlpAkxAd3MJUCWPis8FVe732eStJN8aAD/ZQBQJUFSDE1wBdLY6cACRgQB7O3V2UYZbqwPD1InXo88QO8okrXkVsn/rMMjyq52XNxKuI+Lbr0GN7tBL3RpZPkvkAcg+T1qh/Avl9JdH8Ht1XLKtlG3A6Np9FG0o0lUDySq3rmes3aS6CpIOuGHFJpdTcWb3FCY/T8VuKkdZEZ2iHaLiZuGYmJyTVkJNwQEANx90GBnrK+9Mzrl0q0Q8oVyLcjPZmYJOEPyphST7H84loUCKJBkJ5hpUAfNWAdVYVJx+wyDoRV0jxKkVcg+ajow81Nz8tW5PPYOYZSrEsXtuTzKehGUwxLJr6h6aWNIUSJT3dyM1WnYk+R/ipHuUXhcwnuDaI/8A8TVSU6TEqKi/uL5vSXw7hgsazoDCjDYdaNG0yqTaKtT5pKrbm1WrtJ4gqaSvDi9gueHyVw7JP9LxFvqOs63zkFw13lx3BJTMw4kpBcnkoCOW4uvAK2Vn5ho6z37a+ijDLbXtbM9VruSYvm7xHVSOgryUFaIKgY1ItDSWNIqbnjt86R+oKA/6K9HW+k2kira7xT7WtFX2l8tTThXYlgWlPN8gPHdVhzDpOJSQHecnJSBOAVU/L4AqAKpHiTJUlWwkfvTr0nFfw+3UPOZ0B0B5BXnrZSyKK4GJdLQFY6RVYl0cLrwKDmmrsz9nAxMMhPIf0bt02ZtFXTkxSQ4qX29uy4VnheE1BLzefOv9/rwrCsD6hoD34ltpFbylXKBnqoeE4buDLMSDBUDow+WgOpNoDpLVH8wsGJ5eRutQBkFYBQHvqPfOGbtJ0gZpOLAu5vddrNZhPaqCoEqQj65KGZPkSEgEVbTj+xtNyDQhx7H0YBBTENDVZl0RYYon2ZZkedek47yn4NnR51njTF8A7VdgHu9dwtMm6T4fewMiaSoF5OEFyd72oi2VPN1+j9Ie8+Qi29vNi8U+vIt1GdZ5H68wo1cemszKgzpVIMOit4nSTjGti+BCekq3VMtpBir+4KzOjMxwVHqlmKOeukGKWGNJH6v31mFej9fPctzlDvFcI0kuWd6o+6AxINtZ1nU0h2NZ2PkR7NhBkNSiOlgrU1fkfbc5bsfIdgpti/ur0iXevxEJDynR/wC8fJSLgEvenik3k3b5XJIzQbomZB4vXgBgaSvuo81kDNqXveA9wctcaKBH4X6J8+asWbh46PsTa3xdbi6LlfzKmYge6gCs/wDXrAP7zcVrHQBlSQUYV9FHWGJ5edJXE6D2oA34GGfm6w3UkGWeynzhFBbQVPYqkqPV0GFJK762dXXQealTAW6uXRwcuQri4fx5OVdWQS2lpF6sKk48H0eq1LabcyUQAi2nLBkidcebXWuHh0q5Sz1+BfEP742Ukbo85ni675riTPq5ZUdGG+lnwCekzDXcIwhrmCsierQN0kukMK6TMazqRSAXwOqsCZVZ3C0VE8T7Cy7Mh/RekndhsYVnbiB4qqnWylnAf1m4PpGtxUCW/dQI/NQBQHjWrXMNyMBLwlTAx3VnWdMVTGlvFDVHrBbKs8BAquFw357XLYrHyarUwIT2rMYx8Gql7Eq+jHbUwJVLFID2Yl1n1/W78XSQrgdeHc1yiwXLFgqOXZt6w3B60tuQ0+DIKYNUXjR+zV7ckran7ls6dcOYZ6TN05NV4qq8VM1XThw3bImTo9IOUlpPqzjY9jGNGaOkglgCIZUrSv8Am0B/007Aybq47TttFbvZpkYVZd0sLkgknzMvsL9D6QcgbziU9SzyAttOHeO0aDMjyoEqBHooM/210lWeNZ1qnR6KoYrgBAiDhDakfNNTw96lvS5gM8S2GiYZ7abnjuo/AVxzoPFD6L55hnLH8lvS3Mt+VV97GO9IsSPYk4NIMh90+hAJHmozGjcIi45VX2d1HAasmavXTQzS/bwvvELothFdU8pLpP19O6nAddQ4YquKuduH3klS6aCnAY4FgBBsIMhrDZXRnSp1n4J0G2sAJXS6qtsMXbcq4bcRnFq3HzRERRaSqKyQKpFml+g4ruCXv+5T7OpbMqBoZHQN8aAMf3/b9FAf9f8A6MALpowMa1jHqoFgLd53bHIMhpJ2aSukrUSsCp455U+A/wCuPcb9IujiFGarFk8EN/tDRwKo7TipVJ8lmOwo9wBbSPY3PS2+RVq3dh3c+bpOm60Y3YmHIhpN9Y1a4X3wVsT6TtU/w/sMFUhNMshGpB4bRHXxyEwpwGIZVG+9cVxP4eydvO1Ztdwkq0Do+vqDHroOjb0Z7KM6OgwJIxKgPfQH4qRU3PlVlSo3elIpJVwdnkZOyWLLtLN7+g9I+zVLcuntuRsWTDvMC6q5hIqDAttGFB115N1dJeo+v6M6wyCjSPCjSPy0k4WSqQjkniWqh1xz40FsVetVxziILjQLaTipAAfW84Eut9GZZ0BuI12Kg1GSYEkkuke2PdguG6nAGO3opUNdvu60dp44bG5mJ7a4EXwEhElbbw/aqctwct1UFfdQrd01j0mzk9VQwzDEqjNqrgC6/SMdh92IpLET9TSwLxdQbefZxiryKMcTPCumjo6AAIDEqMNJUxpvuD63Z6Ru8+uMSN9ch/5XC69u4LxRdKljF/oPS21e77by/KmxAt1IomFJddH10Gfz0B1nQeoPooD2UHRRh8tKpHSLhVIwLOpOMB8kbpqHtUJLKs1d24H2AuNp5pQLgFT5Ut4O2+88qkIcHLchH3sPJcouaauXLxkiaRh8h4KtwXzpotpK7uiQb6S2Q0iZltq1rhfQEy1lWf5iDmWU1EtJViWbX16QCqR+fiuyNjxMnxMzxbt3DpYGrUPaIaJbxMOxiW3ubhsK07kSxmo9J0rcfo4OUgJS2ZLVC47RuC3ldKaj1WFYfRW8adnqq5UxPFapt2CT4/kiW/Ixhql+YYn1iW8OD13HcFnopOFNSR/t/Scj+a4RyS/YOSiT5VAtvQkqiuAENdJUdftrA/V+6gr9/qAzoHAFtLcG/Db44OG4ElqpHkDd2bVbrxqQjknSPOIBiqYGKKRFUY4MTyHYc4l7XrjtADxMCHruaP5WYcdg+6tyVyDlFD8WBkwVPQV6FQNIzEthgHNNNL+aYGJ11BlXAC9uXfK2w7V+1D1lXH40S4juMOrgrD95300XIMkEQxP6Ozng3YCqAO2xliXhqrIpOESRXAFUrm4DWTMZqx4nCPbm4K3vBZrpNxmWcgx8FVUdiqWedSKJr3M9y/Lu1ssBpoe8K4KXT3Le7dsqeLL+39ICGOV4UzSSapJGcdlq5U31WqwZdAbg3UYf6wD+uums66qA9gVn10G468lHQZ0kYEeRbFZOM1Q1UKj5Zw1cYl1yAJcprobmrQ9JwYlT4NVikrQHvMauFjzSTdfzuEFmi2qntqCmNZIFx69j5iDpLcqxVNI8vPJt94Kj0AeNMXbtm7SdNTNBxYV3N7ptprKp9oir6/SNtY2s21uNAfA9HuEBrbj2YVHEgDZu6gAx6ToyyHFdLIRbB2p5NHGA6zhL36WVIrIrhkkeVXHYtrXGB97x6S69zejXKtT17Xfg/b3NDyULLGhKslY51vIzoDBDq64Zw4Xd5IHgra82E5bzCVDs+z+34v8A/tfdHlpJ2CqOVG3AgpLPpoOisz6aM/V5/WAY0AeWj9WkdN3ZpHj1BNx4EjzzX3UG4SVA2Lo/Z3CSrOWSSX9608WMdpedwek4SKm4aqSqRVIRgK50HMQrvLtHJC257lVkizybyLcEjB0h+XS9qbml0GYGkeNB0VwTvnuC5wj3h4RwH6+Ilrjc1oyEUPYPNWbCBD23GQ40RUZgkll5Giqq/iVM8RbGiZvueVkkmck2uBiokKyD1JVAjaLjqqpVg7EcklRcpc2jlir4CstExcsyNjLMkn7K7vRtjFuw3VoO+RVuCz7ut97yk8yVYPYkG7NHETqyePVwwBoRSTBCRtlu5RdN0nSBaqH9rxYYk+4Z3Q2DrcZ7MaRd5dVAe/6wr/zrZ6v9lbioMPN6sPlowMTr6K0sqbmbU/IYSLEI52kuhnyVxv2q0gwFchGoM/awSLZUsB4GPnjHYZt1ak2+gsY0qxbvEiQX6Y8lYx73U76YF9zTQ2K9I6yCuVSLcFfHS6Kz+auD98/ea1h5tXKYEvt9T5XFuVNAPM8q6jqWMyBJqPWJpIIqqnsSuaeVnbhk5gqaO3bNXVZuFWasPxYvSH3C950G7iW7iYk6PCXSBVXVHLJKQmomHcJNnL0GKqL5FVLsU+0NOQjo+TYmzkW6Txle/o3RT7tN5bLomxPbflYF33dLslWK/Be4xmLMbszPN5/a3Sj2OLZl0C/uPAmjTrzwxOgOgPfXZ56Az9X/AIUdZ1mFA435dVA4CvBLppXMQyHcASCRHiVIt0XzdViR41cGp3dGkoGKrfNjg8QzJvNgBOHGl0RJ4gaR1IGC6KStNwPOp2HGVjBIPztuzS3bgqX5nwlwBVLeDRUNE0Feh2jie0KV6N2yuGV7/dS7G79ciGNaOAMtPLPtM6dlqmKXkR9zl5ntyRjPaJa6o3Aqbrmzb1xavFnHcNpE2yuDg+vEdtBVhw4TF3w8eY+EqGb5rq00Ehbhl139Lc5dD3E/CdyziMDXZqqtXEJxBn4hVuhILd7JQsvGTTTnI1xqJS0NHSbE2Ms0SeMrR4bNbVuNxIQz1XuoDAuj+1uHHuCS1Ohv+RaUeHm9SXWGVHW/D6KP1fs9WylcPLQc35aR5jZTfr9qwzm+U5j2POonntmXRfWGt/3Y7Dfq+6PPl2+r71v/AIg40ugPy/8A2tmdN88NtS3L/ev8P6rb5vA8fy6vvQ0qfYbPnPPCizz+jg933/w9gu+PzDjnNIdDS1XHfmZ54Z3ZzvKt9fX5ZLl9tI8py9O+U0VdXS0r/wDuH3yH3P6K4A8h99HHM+97PfSGp1Hl5epxzGqtq/mHf3e1oz8/zp63MHn127373ql3Hq96NOc5RLn9LnaD66DPP6PX/8QAVBAAAQIDBAQICQcIBwcFAAAAAgADBBIiEzJCUhBicoIBBRQgIzOSokNQU2Nzg7LC0hEhJDBAk+IxNERUo7PD8AYVQWFkofIlNVFgdIS0dZGkseT/2gAIAQEADT8A/wCX8/jjWWF2KMWR3ZliKFKVuUtYqT3UflX6piw0ihL83AujEbvVy++nTkiItqttvK5Ls3kIEXDwkUzpFwHNNZjqypiWgAmdclw2hVkTuNRBiYsGJ0DLwXWxHohw1VFeRXeAnbL95KjulhLxmF4iwypqYeTwY/KMw+cIgCVHSBsVRMvp3B9kRRY3yN0v2l1SUb34ldaDWWebNVUiAaJNeYu6joN1po5Zh7iLGQtWo95XK5Bm3q0OxVL6NNVnD2rspeoe6JF0RcawpSkLv+JhhnpLOHZToTtHwVCQldISul4x4x6ePICllhA8H60+6smjPKsEium0QzXsRCioOqWbte2v1cXQ/klckmsh7qwOj0vdcECRXGnRCrVlWcSOyLVlc+Jednam9GWHeR4Lzsuzdd3Va9LDuk7ZCJXphq2riMJhiBICEtkm6PF4zSBicIcIqMMZIe6IsNjK2PZWqhObMjLEi8kOW9LMjqkApVtLFa1LtLu7qC/llxU/CiuNRA2okPm3CRVSNUu/iTRz2Ts9JDh1ViM6v2l9OlNFcSv1MvazWQtYUPRRUMctrDu+Tcl7ubxawBGZ7KYrkzS3XSzSis5VEWgcIq9rdpHLMZYRyoKdOVFmFChrdh5cOaXEOyqRsjKYm5rpNuXxFNDXajVLrODUgvNFlzCSvWRFK4JauspbKIh5+jim8suF0cPdUUAmBjVe1vFkHNy4BuuPlm2EdRmSzrGWsh60/wDSprhZlk0Hpzr+byYOg9XWR4PJll2S7qkmaDFlLeEt1MTE9BiUtGJyHmrHzoYdlSzG1MN3M3L3sqz4S2lGuzGZVclfLwnoi8L2s3isgJuE9KVIqet0bpFvLBNdFYjK8SzlhRYJZSIVOM4AN0Z0XVVBNKmqgotadlHWBi1KsBjlWdd0k7TJhmykhD6RDleHDNsp3wWEhy7QowF2EiPZL3TTVcQTXXw749HaZabmUhUOIuxsGxhEv0qG81qeD2UF8w9pAdGVxcWNgUEZlwTOQl2X1BfNs+KmgmCUh69y7TqisAYntabKgppuisCL83C9vIrgKneWuKwGsZ/hWBZwuoqTLKWZEUjoZSG65uph0hiAvUyd4SFF1UpXaJm+5cTRk7DmGEpJiHZIelBDRXUNrJdcHE0+1SnToa63k7pBUy5mH2hXCfzteRmwzZfJHlTQTSYiEb3ZXFbtqbXlGLr49lRAC60WYSGYfFDYzmWqPzoidaCmUZncI7LSwIdGB0sqzjJNoG5owcyCMRd2bqMBBraHqy7dKaoOUZaswoJWgd1pLaG/itEooLKIPFK71fZdpTtEQGEhnqLVzAadGU4gx66GHwlPhWE0Vq06N2YcXZQnJFhLSP8APsri4iahyK8TBVN9m74ojB5DDy3pn6S/ZzJq+HncU2gfaTVZgOLEpMN2nQfPiuiiAzLi47CIyyi7eUUHKpMwz9IPeTtzFL+kNy7NSdDlUOA3Zi6xsUQFDunlIgIVBkJQ54bXwfa6ot1Pjaw4lebKTpmd0ridH6QzhJsqSTsOMVBH5QRKUu77PigRN0MzjhUzbLQ9rTjTt/ZRfUjWB7Kig5LF+la6Eu00bSh7cNkZLqE2hiD7QkSaOyA5+z2kTU8hDddapcbLuknyOHd2byOWMD0pBZv96pSXED9gBZmIwCb7rpeJ7zvwqDkhT9UFXfRXz0jg1ubj5tSnGKh/Sj0Zdw0+JE7tNB7wJqYDmvTWTZJ0BIDyuiajJog2rvTiMrzc2sIp2wioc/NOhKhmGIy1SspopQNQUQ06eIrITmLsp4RdbPMJeJuqggLE+5S32bydMnXTK8U1VSJe6h6prLzsfOdAq0XeGaUkToyTFVKTUv8ACQTAqYpo9bKoVqyrzdY2PeROugAFhukPsoHXZwzSmqpw1VAfQIg71bFPsS+JoNooqIa1nKW+6KK4ZYRxKeRCcqk+skJXDDVJSNDuzyzd5NOn3imQqPaMQDzo1CoqU9l1coI5y1jXxUkgsooBzTdHN+y8TMYzykA2YimqTlQFi7SMpj3kP1eyh+JYEYWWtLOLgopR7uhgxOfZ/Cod3Helqlm7KMynylXiQ1tZpcQ7Q/iUcDsK0eGYgtpS2ia8TcYw8xPPlKIuw2HaKiVFXRIXsqImnCaqUZtUZFJoxo/qpKE0cpoxIAlw0XlxaIxTo4pRvbUwnOrwbSmq2f8ASuUOsNGX+GwkOwp7XWqvKbojzJqNaKyHNPLLvAZJ2oPEtqD4z9X0gkNSadsjdYmbmEixaypkO9KJUj7a+FTo8GXaWBofxLBcEffWQ8u0rkhFz5CoGpEeCpAdBjemV52HG6TRUxLMuXUw4U50sM+2UwkyV1Yk7EW9IyiTjELyYi9kzzK/aqfqh+FEYznWIiQnMJU1KFCyMJZqrot/juknQnA5DG9tS+JGpGuyAqCaEgPE4wN3eaVlawTotXoliWVsiuhOE28iaF1rWadCYSmRX06c+yOWrRjnkl7yqMGhIEGMTWA+bcM8yqnN0qvhFHXI0QEXaQFMBimaWqapcpS90kNTzQy1Zpm8J6w3tAFQY3ZrpTbqCYTlp1rqMJglqtBK7vITBp1rybuzeTUpfLFYS1R8Sg6TrvBqtNN+0ShzmAM2Yd5G60bTWsNQ7VS4riPon/RxwcrhuzM61u6AqWRrrS3sAqKmr62WUBxOJoR/qbkzdsy5LwFMy82NYzHJUmHXRjQuvytS9IyQ3qMCdORqN8K26Pg3/j0Fozoeti3eqFQTROxHGcbdKXC2OtgTDBPzcYmTDbktNmLkpVSZlITs8PlHLKvKgPSjtCnQraIrIiHzblwt5MFJFsOiPaFFjTrotO1XspdkFJ9LdCnoh8G3LUoUZgA/DXZhLVtcqx+JYx0eAR82DQmXaNVKHdtZyy5e0o+AdhXbUpRImIgXGZcBde6J5UwcsRx2+JviTuJmEZEhtbLG6RS4Vjlg4JgfZJCU0xNMD+7bFQrs7TocnafEhxdGLSknA3QCbZmKZMDLILtq6U15wpRKrdXGwExxrxYRHNNeZeFtyqYXb+0mjl0kdahTHkkPbg0L2ZxwbxFkyp+HIHThymFtosUxNimpbW1N1qYSqGZuzn7KigKHh2ocTsmRG9aEQ3iwJ055QGXtIMGFBgGn+RXGBP2nF4yiwbUM1bPvVdUV0dZQpUHLUO0JJ1pqeIgDAiv1WjI9KKIxYGyaOYbO9NNdqWXxK4XAJlrNzF7BGs6Joia2RlRdE1EMFKTYunVSXRTbqhWihXTKopmHXGSm7GnJKtlaywAV4dkrw7qFgY/i2LinwbJtqcm3mYl4iDomnbhSkUqfqDgiol916z2S4QGrBMowyADg4qFfmsgtClsyPBgp1UBzRbsZygW4FryjkNK066RFS01TNmWNph9riuG+5hGxPvI75xkVGxP76IXlQaMS7Uy80ZtVbpIbh2oO91wSX+KYlLtMz+ynwN2EqmhogWussHhxCNRgVS4p4rYg2tV/jAiinN+yaaRtTtOtUuNzVUkr9k+Nk7TVKQl0RdpANQWQNiM1Xg3CzeJjGeFd8m8NTZdpQZyxbWISnUjoNHquh8QaI+IKMtcMPEu9cJZWnSqnwlMjrA8MuqXNa62Iduj8ewKj4di1aMam+KBMnLNyUuifjCmLVGlEOIVxW61GADXhBYdEnBl9FMuOYBpiCdmmEn+LzecsRLXYiLUNkln5x8YwxcVcAlZkL4g8RONuFLLK1Ooppqcyf5SREIERWhS9bM7LeKm7KNKaasp9VOlM/qtj4o41EgelwvjV35VygWp9V05UB16CqPkZWTRFmJkhJjurO+07CO//AB7drurO1xix/EFpYJuMYUfeNFjHlHGD47P5qwhEgajYog6Ga9yZluRhjdGbWUVZjFxDRBKQstWQkI3rua7oK/a1Dmq1UJFIbBSuw9m7aQzjbgzSutYCQ0D/AEgYa+jF/wBWy3McKX7LWG6neqiGjB1stkhp5jQTuxTp2TTY6zhUqAadHioyAxKIfiQs3IuUqhaFrompr0xEp7myg/mVP3A8m3hHxQf5fiUHEC6B5mhOYSFTUb2jJzXdE+ghoMKZSzUpo+iMcSOo4jix04IiLWFnoj32kH67Awr5feN8lJf+nf8A6Uf6lBwUMX3jnKiTRTNRfGkQcdKXm23OgDcaRmp0NTvw+KhuGdLg7JDUgpDdp5ooa5NlFgCoh2hQ9bD3XR3S0d1TS0iZDNtCpEfOno2kdTo+74rmKna0Bc04JsWk/wBIFDROOLWQ3AwoLmglgdwjtc0DlaIsOz4spLdIUZopu7oaosviQUaCRoMEvNO+CE/pEJhGbE2jpPVm0ukRf5/J4sMZd4dE5exoM559peCiBlsnE+JlVVLZJoBI5cpbSaMmjuCIkN4ak/1TRSOzbwqStpp0LWUdUVJMAG6dr3UdboYWxvOFerlUKYiZmNTdA0uSouqhGhqLWIkefmCAzeLIbpR2cSnQaRrA8pIDLlHEjpSi5NeJhzCWouqJ2yaflIaSEmxITTpEdlFTwztWq8IKYjALcCwaqAa2oNp18tnoxl7yMZGgfdapmuuOWeFMFahEcVumAi5JLMRTdhPuk/GxB9KUQ+R9I44RXiQ8wKndkfFpUkKOuHLzax8y+esjoOe6Q4k1KUhVFflGlSE06ICTAlMeqnauiCa7ltLqxtCRWV6qZY5Fn5r9WyOHxdDVwxZsze8gOSQ702Xm51sorw4VVilvLIHOaLtFl8XuxQQDvGMRPwwzL7h8LZCLYfITpNYqpVCn9IABl5UN22ERxUIUFOjAfMLRk5gVOu7OVNUgA+LoOEfeAtYGi4R/zULEC7PrJoJ2pMWqSunNS0TuIXMpd1YwLQWg+eN/4RQCLQhlqm8X8YkEG1/xqKZzuCjX6OZ4tVS9K1hcFDRJdfb2S9wljkvN+kb0HcNY0O9zM6BDcBOu+yPB4v4mmaMs0SXWFuXdA1CeISUP1oZvOLultJrKUpDrDKvBRAdE6Pur9XIrJ8fVle3VkO92UN/mjg0VEeqRF4ujhJri8OC8PzVPbntIq59LWArpDiEtUk+Nwrzbo9Y2WsKC46F4Udw8JILh4m/wrA070tOqRTIetaCdh0doalnEplku80HSCRYPFjYkThl/YI/lTpywTXk4YerH3+bxjKMb5ly63EDseF1VgMKhKZHfA0N87zrI62YddXjhw/hrA6NLoo6QjQ6ovSZVn5s9hG7Xg3N4fFrsE7DwpmUvCTroyi2OsSk5zQf7AiD8I2NRQRaw3mtWnLpvOwV1p70fki7qaOWIAqSmHMOZFfA8SxwmX0a7umRPztO7OEt0kPiti8WIi4boAOIiTEwwEGJ9XrF51Dc1h5zRi6061STZDUJCWYVASjxqwFNoJdXFtjldxZS0tBwi1FfJeHybmYfZTV4L28OYdBX8u9plJAP71NXDzDoxeKGBpHE4XyUtt6xJubksEBSsQ45RznnNFlvdokFyIaKUhUk7ToXXmh8IPvhzoM+pO682VLjLmq6PxKKGpo+sZcHrGXNYD0j1To3hJYCG6Q6vMEJuzUnYcvwpq/7yK5ow+JocZnXS/wDrg1kxOPF8FlHyhedLSATGZXREU1+ZAXgd3zuNAdlFtZS50eQhxk1esywxY7OPV2UVQENQkJaS/wDceHMKLqnc34tLoEB7wIWjadDEJNUkiQzNfCtVbPw+JQ+YR4PkJxwsjY4iUORck4vmml1nMzujOipAJk11roXXnR/hD3lnQhLFtB4Rr4hTtTR6T0Y00M/ETp4mhqOG9Vg1dnmF/Py8Cc6qIwlqllLRJKogZYjaHo/dVxGV7c04Ew6cM7C8YjYDaNlKUr3Vd9HUDoFMJD/cXB4hPgLkkEJfI48Xz9kdZcFMO0NLbI+TbWosaO4EyOiNdaqsx8g2WbOsEl3TFFWHkXCxbJIP5m5rBi7DuhebITmEk18jHGUOHg3xH55dUrw8xykxL+1EVBYhLKWiCinezPN7ydlAOYJX1xtCsROrN1JfulPW0wXQFtMFM13UP6RCnyZ/aJspmy7qcpGH4xCwq9JU131kadEvZ+2uiXI4Oao9YtVOl3cMuoGkK50dzFycc3pUNzmO0HsqCDoj8pDZt1HzY+VjjIMo4X/VezMiqEuD8nMLrQLKn6ocivbJawpo2nZNV0Jf4SB0R7SPThRsRUKXqybJYNGNBcO6W7KhvwUURlL6FwpjH2UIzO8XvUPj8Q6w/anR+jwk1I+cc1E5+QqJv9ALOM8q15BWBXQdPDrNt++Svc5g52tbM3vJ2sNM+nisZuLzO85CZfUXNmXmCmOla3b3dXGbDsH6wenZ9k0JznuosPMainw7TX4dGA1k0AoUphISlISzCmxrEerfEcTetmH7RED9EhcvnHP7k+UxEVThTebWcitSW1zPJFUK8qNTX4Udw71Kucw65Mpfi0Fo1dEG6Lo4ZswlquhQo1sXQ4MQ/NUJawlTzJeGbZUC+1FQ/Bi6ApvYToNG1slVo1dGVctd/wDHJY+aN+TEKExMHRpISHEoWUYwAulNdeHa+zOlY8XwXBeeeL8g7OZPlM6/ga1Wh1Fjn+o8LD/DlWMMQlrcwkNHOjzJ/i8ywxMvyuN+sGvmXjKWktEKZQbol5rq+6SG/DjdIfiV6HiBykhpPaHQb8S7LsNCPv8AOJDU1soeijRzQzl7sX0V0vsjAk666V0RGoiQ9Bxewfg4b4nbzvZ+oz6c+EvSIeta/nCsGlrBmFFf5sOYOw7o3hITmEhRDZxjQ+Dfb6wUFOnhuOj+VOgDsvnGzsy9zQPStbJdYK4Smq0NQb7v3roj/C0nj+LmQvW+iJFfXFn0ctZrwJdin7JGdPG+iHq298/Z5+Dm401cO9ulqoL4ZdGdAnTra8m78PO456IJ6Rbix6svW3Oyog+lHK5+LmOO8DD/AK4ZOD/OXQB90ry/pE+/ChFF81nEiLZMzars0vZ0QsEw12rRz3+ZrYV4IJQKbWKZY9pOhIeyShzk7KjhKGIda837P2OFbJ190sIAMxf5KKd+jtH4NgaWx7POx/UeCP3UHd0xFEmrmXlcPNsi7Mihmhg48ivE42PB8hFtDzDGg8pDUJdpYtrRxE+MaQtXrEmpXJZct9cU8IwfGXy3nCEejiPn8uPz7UyafBgS9E02OnIC8l4IdGDQ+Az7Q0oXRdD1RzIvsXGhE/Fy/qzGHfd+pz6Nbmh1vxaLhoaDPCIrH+JFXTU12VgdGpot7TEGI7o1EuNpWDyi/wCBc9xYedENWToapATZIbWFiKRIXBaOWVxtyYSrUQZuxDp3nCI5iIkFFXu5lgaHr3NrLzMaJNGJhP2SRuiNN2pNcJMRTJXm32qSEva+xQbELChq02xd53m51n0Y9JryRde3s5l72VZNI3NlHQnRB3tAmu8P4UWZO38QlqkKxwRlL9y4XsEhqOHdGV3skoUJfWu/g0QfALEePnRGlz1o1IuZeVK5fFf+Q5oA8WHnugQ9pAc6jDl40YzNzdeOs0nBmAhukJfYRj3Wuz0fu6Q52fmeVC9vZlnHQSamaPdqFCqoc/aFAUwEhlF1rKX4kVGsiR1QtuPVlqleGfVWQyPvEWiIlh+MA81N1m01e7SKoSHQJALoapFLNwaZhXG8e+MPDgJ2jZETj1U1FwdGRZOZJf0TpoC7qyLikBg4oTvfMMzRbJtfYf6QGZOtYmYtsRtN129oPmY/qLqDBoLrdodDEroeyWi6Q5hyorubZLRgWPa08XDNBcJ+EhMvqvZl0OiQFskmOiB3E42PVkW7oEhm7CfjykPLZQ7l3RETSHC9K6NkZNzEyPSy0YV4Vq6QlzDQ0oa0btkHtEmKDP2lxhLBx+URIuhc9UXc+wm9FCZecsh4R7s/Myc/BoyaM6arNoMWsKxhmR9K1slUKigJo966rhqWjaTvW/JeHWXtCgoPQdav6yhStRC7MN1xvZJRjQOtcO1/Zu8w5Zt1OvhECJFMMr7QlSnzFqHk8q6dmPfJQTTUK1ssDKRbxIbsV1b4+ublNfqfGN7diGx9oVcB10ZmC2Xx6JYNBYESamdPaIFEHMe8jpPZXFXDyOLLgvEIj0Lu+13vsHF78NEtll6YWy7rnCsh8wNIc48HhR2cyK47oGqIaH94PvoJgPt6H5X5Nr8Wh07VrZcqTX5vrDlT9M+UsKCk9pDWGjIoyZ/i0iwvfL0jfrL/ADQhYUHc01RewS4padjyyzD0bP7Uu6mhk94kWEaSH3VldpJHSTRjMJbQkjrmg+oItaHKjsyoL8RAVOb0OXS9iZQ/WhiEbpTDq6GDEQ1ikEkGDW0cc/Q4j0t6GLtUb32CGBqM1XOTOi5ZltfJoLn5+cd8820OLQCI/uyxNq8CaMmt0uk+PQAE0e7UKApgNXXRykg60Pe0HVoaMXWnRwkNQkiGzjGfJxIdYHM4xDk0WeV9kej7bXsrjSKkEvMQNPedI1e3i0Y8Q9lZesb7PCs7VXdvLUUpCEUPRPiJeebqQfoEf0b+yLwjZFvAKdlKyfGWamWnAW4WjACarB3KQnMPeUZDg6QZXPCD2vrw4vfLshMjq7WgEP1mTCvChiFRQWTurlLdQzNO7QoQF37o/gJEcp7yvhtCiRUugiqDWFRFbR5SyrBtYh0Z1xxK07lbf8C5/CLmG3aQRFhiWq2uHtKDh2mD2pLR7vEsHsihTtQejGnvKQT6UTEekuzPCMgo+qiJxdYL/uGqO0uG6+1V+0bWUqS+8FZXaeyV1O34d8RdHvLDxbGEbsNstvda1vTKIP8AOHamCHzLw9E6sbp4lBkXA6cpjEyuGTjlm5NIUuWRPiLrRjiEhmEvrj4ripd1oiUg/YMYHdISwkn/AM3PKQ3my2fZT8K0bURdG0aMm5S2hFOzAe8GgpPxaCxqaeDd1lfaPKQ6Dv6Li4ulhuMMxeTe9aPem0lSpO87US/kVEHLupqmbK21iUfEOuh6K63+yAVnhyNgt6zkmQ3wiA6UvWMyko0IZgyHwbrnSPdirsqaSV2qZOjM007MTBD7q/WGitGfvB95RHWw74g60W6Svf1RGGbkEXo3Ota3phWFp0aXBzMuXHR2VxN9DiA1R6kt5r652CiA7TRcCKHany3Pre0scl7srOGiI6p3yb/g3PjUHFOw7wlmpKX2lCyOuwk1QiNREyXuIzIg3rqaPukjCvaHQxU0XuqGKV9r+7MiqBYNL48l4yHzDpdZ6oqlmzDhLRi/nZRdKe8sjXvFdQhIICV3WUUIwACVJNlE0kRbk1SwaHYgHYj0EN07ndaUG0T7vpH6fZnR1ntFUoWWFH1d7vrOwRtF3VZAMaJSNui7iJtwRHFgJeFAqXGyyuDhTt9p0Zh/CoxqyiuLX+llISmbcbevU6313JX59mzL5Vydr2RWP66Sua9LrLuzLGuVQvK8tvycpu5LOrJ212bIplydqf7oVIM/urB72n9N8nrKcpJsumZY5/eVl9Fn6zkU30a01rL3VjtZvdWKyku7yta5rt2maXRL7yk6W1klssVpNTKq/wCsLL/d/wD2k1W3L0WjkB8l+/b5R+y95Wo2vo5W5e7MsO0pytZ/Kz1d5WoWtryXkc09N3pZbWVY9peauy+empstpS/SLCaym1Zq+f8A/8QAJhEAAgIBAwQDAQEBAQAAAAAAAAECEQMQEiAhMUBQBBMwIkEzkP/aAAgBAgEBPwD/AMENujY2fYfYJiZRs9tKZLKPMPMbzeLMLMRyEZe0gSkZcpv1oo2m0x5THK9UL2OSRMjHWijaUTxUYJaoXsHKjNK+KEIRIkYZdBdyXcfYyMi/XZpUOV8UIQiRI+PLoQ7j7j7E2RfrIsyMY+KEIQxnxex/pkdMTtCMhGRP1UWZGMfFCEIYz4unyXTMLtCMhil6zKMZRRRQhccbpjdozowOtYkfV5RjKKKKELi3TIO0ZERdPWJH1GbJ0MeToKJkibDZrtRufOjE6MjsSExMkQKK9NmXUxr+hSMkjeb9drNy5wRJ0QdkkJiZIgfYfZ6bIIvqZV0Ls2WY8dDdDyJjimSRJECQkJGLD0McEiMiUCWUhlIyJEY9DBHr6bIIi+pNdDZRdEM1knYqFJEkSRAkJCRGdojCTZGVEs1EiJinpGJhXpvkKyKoT6k30MzsaKK1UhSEoCUTYkfbRvkb5H3M+5jmOG4VpCyNMhlsh19NNWTVCfUyPoY3uGupRWqiKIkhJFs6G9m9lotGRUYWTyqydUQxURXp8sSCpmZWiMiOQ3RLRtRSPtZ9zIEikUjYfUOx2baN1EiMSKF6aJKNklTJK0bCjcjcimUy0WiBIplMjnI5R5UPKjdZtvTHEov1OXjZetl/jVmJV6vLxsvWy/xxKyvVIycdtm2hQFAURRHGhyos36oRi7C7+qRk44o2ZY0KQpCkKQ5WONksZKOqEYuwu/rJRIapiYmJm43DGNjerMUfXZYi1TExMTNptGMbG9UYY+uyq0NVxQj7Wfaxj1mRiYo+va6GZVxQjodBj4YokUS9dJEkNDQ0NaqIojGJCWmL2EkSQ0NDQ1qpCkMYkJaYvXrVxHE2FDgOBbLZtNpZemL1yFq4jiSgSQ2Nm5G5G43Fl6YvXUVxooyYhdBj1QhmP11FcaKF1MmIY9UIZj9YkJfnPHuJ4aIEo3rAh6xIS/O6Gtxkx7TdrAh6pIS/Noa1micCEyXUl3MfYQvUJCX5tDWtDgZMNaS7mPsIXpkhL99vDYZsQuxgjcSJHVmMo2lFaNeYkJfvOI9UyaM2Paj40v5Ii7asxlFG02jQ15SQl+bHxaGuOVfyfFdS4sx60Vq0NeQkJfmx8WhrjNdCDqXFmPWitWhrxkhLxZIktZtk0z4vY/3VmP8ABrxkhLxZIkuDSPin+6sx+bHx2S4pCWrMfNjJ9h+EheOx8UuDMfNjJD8LGS8FjExPjkViX4Iorm0NeFjJeCxiYnxSsyKuaEUVzaGvCTE/DSExC4NWueLSy+bGTRFeAmJ+G0NiF+ePSy+bGZEJeAheLAb4yRJcYEtVkFkEhLikZF4CF4slRF8ZIkuOMlqlosgsnFIyLwELxWhoTE+O3hidGV3zTEzcbtWhr9kLxWhoTE+M4ktbou+aYmWbhPRor9kLwWPnZerQ1xTYpc5SIsf9dyNRFIyfsheCx87L1aGuLyoedc5yIyJ/BvsZMTh3ISJfsheDElzkR4sZK7M+6hCGY+L/AMPjf9ELt0PlbNn9fh//xAArEQACAgEEAwABAgYDAAAAAAAAAQIRAwQSIVAQEzEgIkEUMnCA8PEjMOH/2gAIAQMBAT8A/o1RRRXeUUUV/ZopCFEUT1s9bHgocaHIa7aECGIWAWA4OBxseCyeCiartEKNmLGbfNlikLIOHBnhT8sfYSNPGyDJS82WOQ8hjzWauHHlj7CMbMEa/FjGMx8D5M0aY/gv5BH7mWPHXYI2yMa/FjGM+GPk1kaZH4L+QRH6Tjx1kiETEhvyxjGMYzGaxEkYFaJqmL4YJfponGmT+dXiiRRN+WMYxjGYzWIkuDSK0ahUx/THLmjVRpn7dRRQvphLLLLLLGPyhGVWiqZp/pq42vOZ2SXUJFC+mEssssssY/KEVaMipmH6ZY2vKdmRdRocP7mrw2N8mOfApikMZuZtRRRRRRRGZqHZCdEJWZY8+FImXZtXTaKP/FZJXEnj5Ix4FAURjNyNrKKKKKKHEeOzNg2mOVGSPAvpBjIaIz4Wum0kv0H7GZGNnrSLSJ5WyMLNs3I9uyXIpCMjIs3G4y5HJmXI4okyJHCZMI04mNKRvbNdK4V02jl+kj8NQiLLbPW2TxIWMlGaZLFukQkQJsizcbiWKUHySyQa5JYyGMiiaM0UxpxMOouRqc1uum0cqIszuyELMKoTLL8+opjwTY4yiSm2Qw2bImyJ6kepDxkJ0KpuxQU1Rl0SiZVT6aEqZjfBnhRB0ZFTE+Cy/wAN6HqGhz3E4oijYjYimUxOzJAxQcTHcTU5mLnpmaXJRs4MU6ZLklhs9UkPJNHsZQoUiOOmZGURTZOTie5G9CaE0e2xcmX6bqRnlZDp99GnlugY4/r8bymbTciicuSb4JMgiGRIcFMloWv8/wDSWBoWNixs9R8JfTPKkbr6mDoxuxCGMkRKKJxIxFioUqN3hoaGMlOkSfPVNmndiEMZIiUUTiRiPKORGREaGhjNRPkXV6V8iEWWWy2exHsRN8k5cCixWSbINs3G4YzUyt9WnwaV8iEWWWjcj2Y/8s9mP/LE8Nf7FLDf+x6zGPXYzA1MztQNxuGMlK2P51SEQlaIfSRAwT2k8PsJ6dk8bRG4kcbkxYTDpZSRkaxqhSp35szT6xCNLK0L6SIE1Rh1G0i0zUY0SxY3+5JY4Iwzg/h/EbPhmyexjXmT4M8+euwT2sg96/FTFlKRSPYbvP02Goy2KfXKJhy7fxcRlMpkURh5gZ89D5NvXQISFIUhMT8uQ5CENjZZlfYIUhSFITE/LiOIhDY2WZXz2SkKRvLFMUykUjcbiiijKuyUhSIzIsURRNrNrNptKKKMq7SyzFkKsSEvLGIyDH2VlnsoxagUxT8sYjIMfbYMriyGVSRIjKvNGVdxLkg2jHk3G3zRlXdY5bWY81igLgj8JfTILuGrL2mnz7iRH4S+mQXdKRgzkjUSqaL4L57poizFl3UaqP60XwXz3mF1I1KuIx943UiC3QGPvMSVmKaSNZC2ShwMfdUxTaNROyMxj7yEv0tFckCXeQkMgT/tCorvqK/pxaKEKP4xgSibS+0jp2yOkHjocq/HHAnAjnsi77L9FGl2WMfjKMYxkvhn37SNUYLvj/o//9k=','Khanom','01961300503','124134','$2a$12$o8vmP8HsnFw2qibkbNnkeuIwhigBjkDQhd2gyZ7d/qEndWCy8rWT6',_binary '','USER',_binary '\0'),(5,'959219087','Savings','Azimpur',6010,'2024-09-21','2014-12-28','raju@gmail.com','Raju','Male','data:image/jpeg;base64,/9j/4AAQSkZJRgABAQAAAQABAAD/4QBERXhpZgAASUkqAAgAAAABAGmHBAABAAAAGgAAAAAAAAABAAOQAgAUAAAAKAAAADIwMjA6MDE6MTAgMTU6MTA6NDYA/9sAQwAFAwQEBAMFBAQEBQUFBgcMCAcHBwcPCwsJDBEPEhIRDxERExYcFxMUGhURERghGBodHR8fHxMXIiQiHiQcHh8e/9sAQwEFBQUHBgcOCAgOHhQRFB4eHh4eHh4eHh4eHh4eHh4eHh4eHh4eHh4eHh4eHh4eHh4eHh4eHh4eHh4eHh4eHh4e/8IAEQgBfwF/AwERAAIRAQMRAf/EAB0AAAEEAwEBAAAAAAAAAAAAAAABAgMEBQYHCAn/xAAbAQEAAwEBAQEAAAAAAAAAAAAAAgMEAQUGB//aAAwDAQACEAMQAAAA7t3gADRQAQUQAAAAAEGijhBRAAAAAAAAAAAAUAACzzqCgNABwAAAAAIIRlPilyUZa7zJ95IAAAAIKAAAAIKIACiAA8QUaOGjgAAAAACAw0ZYGPcVCePdw47q9OPUZQy/YgoAAAACCgIKIAAAAA8aOAaA4aA4AABpTNSqnRhOsaJ1rqVvsbnVzrDyj1uUOhOSCgAAAAAAAgAIKAAKA4aAAADgAaBEaHTdgK7Iewxqec7XrzuOnzFuYnvcmYOUd3R71KN8BQAQUQUQAAAAAABQHDQAAAAHDQMPGXJsmrYJxnc1yu45LXZx1yUMhOO8V6J8Hq07s2N2+XDZn6jOO7AAAIACiAAAAAIKKAAAgoAADgGHI6b6ee7YpJM2ypm2U+rKTLaLcbNsrvsdlN2ME6tK2eZrOrzuzTjbEABQAQAAAAAABQHDQAAAAADXzhWXXtdc93p1T5du1O5WcKsZxSUYWRd6xKTvJ+8ijzVfQ8jIbPM2boEFAQAEFAAAAAB40AAAABwggGL53huTXuufR0Kjdu2jNPbRic27FU6GyjVjKulDKWQtpfXNke0dWJPQ8TKyiCgIAAAAAAAAAoAAAAAAAAGm49W1UbNi5ZlLKmyjj8+vBZ901uWrXbW7Ohy+5Ku9ZQ4qWZ7PoeM6dQKIAAAAAAAAADwAaAAAAOGgBkabs5RphqvcQ8sOxxWfbShOEgTSfLdlKckrjLM9nd5MVtAAAAAAAAAAAAoAAAACCjhoAZuq69m2Np0VqrMbNVQoUa7HJUo2QW8q21JKieFuTrsdOEnpeI+7KAAAAAAANHAAAPGgAgoAAAA4aZejTZybdWhbpHeaTXLRJc2CMpKbeyZtPId2bQ781CyG8Qs3SF2vzo3vb5e+2VXQAAEFAAAAABo4eA0BBQEFAAAnq1aDn1cxvw8O5Z6a8f38N1yXXjbG/oVEtd1+fUsg6GzX7sHUc+/olGnH3ZNF05PQtlVm7EAAAAANHANHDRwDwAaAAA4aAAaf81+idP2/M46qfKNGXd8Xq4mnfzKU8TZXtlnmd50Z+SL+TLc9n1dXVLbl0G3J0qndq1Ht9A+h/OwAAAAAABo4aOAeNHANAAAAADVfmv0Lo2z56Gst1WsSpx/Nmi5vXtTo6lPyc/ZzWKvS0GGnVZNntx7byrI021Y3aW9bo3v/AJwjqgAAADQABw0BwoAOGgIKAAAhZxeniPE+s2Pd87lJwkurxUNmh4vX5Py70vt8GLvdUq9DRIW4Zb0+zFmu56NbEZvTu7sWY9b5IAAAAGgAAADgHjQAAEFAAACWFq+H9ZldHjsotWVmu80eXu2eibs+0Tojp06w0Q308W5HeaLt+pmk8s0Ntv1PFtbPFUQUBoAAAAAA4BRw0AAAAAAAM9g9anh3UK4a5Vo5TdDaLIdAuq1KjVyeS7bHeZ8q8jy+nnYcu3J2Q3K/kfr/ADUkqWiiAAAAAAAAAPAcNABBQAAAB0La2fXN5+3m+fVz2LU91PoWv08l3uscuy9udeT8qafL2zD3sOfRtPoYM3tw2L8LQAAAAAAGjgEFAlGgOGgAAAAAAIR+f6OP8n1tU7zV9LtF2XJ2Z5ZV692WI5frUdug449Prlm/Y8fLasIAgoANAUQcADRwAISAAAACAKAAAAQ034bwPcx/O25z6L6vnaTj+h0HPubZDoHoeLDmq4jTVscnXPV8ue7KAADQAAAAABwDRw8AHDQAAAAAAEAj8X29OzWUq7uh6OafzZyHR3Io9TZtRqr0i3N1HmndvS8eW/K0AAAAAAAABRQAeAAACCiAKAgogAZbz/S5ji14qLboaEhp5nZHJWst2nVLceO7zvNW2vv8rzvr870gPEFEFAQAAUAHANHDhQAQAABBwgAADTIZtd/z/R41DtbsLlWjUZduS6X5dctp7hj9Kftk/oeP4t1+aw9DnUh4AAAAAKAAA4eIKACAAAAAADQMvCdnyvaxlF3Oe1cyuo1GZ3ebpzvYqdWY5d5qjZ6V9XwvOmnDwckLZu5vRtxtZspOMHAIKKA4aSgACAIKAAAANADZ490fxvodrRxtdmvRhqHLV7zerIZCblGXfxm2j2Z7XzfDLafJRcK5jyAeSEpuZ2M6qbIWgFFACUQUBAAAABoAIKNLJ578j6LvVFmbspnspw1F+OdtWNUo06nn0Q6sPo73fnOLdj4aLYhRGlUkHDh5KSnRjqx3gcKBKAAAgAIKNAAITjBxY9lmHz7ONfP/AFXeb8ew3ZZZ163VowcbqULFrs2Dd5e+ev4fPj59dipIY4aOEFFJBRw8eeiD0kApKIKACANAAGmKOIHDSInPfRuTvj7wfp81m3bzZVtU82EjPGp2SzCzffV8HmOzPH2HhueaQBghARDh48UBRTJHtY3gUkFEAAAaAhijzscIIzZBhAe0o2Y6nVtce+f/AA/pdoSy068l2qylPzs0LOu+/wDLc0nHQ3fGlmWUaNAiICQkHDgAaXjOHugvkwAIADRDSDzQc0EGERIZUkOhncKtXap0+ZvD+ou59l3sUQsSbdyFnk+s/QfJ8l5o1q3D4p7ywBGKVxpKSDxQFIi4TnZT1OTCAADRp5kPPxYGkAGbGCkg879Gzp8L9zqs4N4f1mTKHaq6G5O9V9PxM36Pk897zVXPDzlgcAFElJR48BQIi4KOPfZlwABohwQ8zAOICMcZQkHDxDpsZ+muT67OnnmL1eQeR9HjK5Y2VfRdWD0D7nzHPnce5xvkvJ3eTOOAUxxaHjhRwCkJKSjjrh64AAGmEPDpjiMQgGlosjx5IB1lL2Pzme7xChC3z34H1Ov16fUf0XxuKsqwBr5xzlnnZGLsWDhxjS2KOGkg4QqFglAnPogA0BTzYcGJSIUqEROSlgUlHG48l9C+xx5dHGNru0fJ6G7b/JwJgjWTk8buGdrxnYoKBiy8OFFAeBhi+WSUefRAaAGCPHJrRbIiUYQlYUuDB48Iy+nUo48mMmPKJrhhx5jXeLx0eeu0YjsWjhhjTICDho8Uca4ZMsjywfREAA5SeaDAmVKZcAhKRAWhw4Ux59Goz2yUMWltCLDEGvkxlTAnDa9Pm+VGBlFg4gKRfAUCMmENaMmTlwnPogACnlA5sYYzhRLQ0jIioTEg8cY89oxu73KnXDbRhqI0zBTKTvDqtPm6dGtSg0cVCuXQHDSMlGGuGULJZJz6JABCeDyAwhshjiUcAwjISwPHFM9ARu9mSp1U24rmLOdmTDkt17Hidd/lKVesSgwQpgWAGCkI4ea2XywWi0fRYAOfHkwxpijIkw0kJBw0jAUUrnWoXe8p06wbKY8actKCfQkNpOdxs8QuarKDRCqMJRBhCKSExrRYLxaLR9FwEPORxcpGKMebQUyyTjSQCMYOIDoMZ/QiUMQZAxJMaSY3ktkc3HvMLzvgx3QexQaY4jLBINEAQeYAC6Xy4fRYBDxuaaRmKMIbKNJC0KPEIhBSIzUZfS2UawFEhNRLRo0bu1ypjPn4aCNGmNHDxwDiAkJDAEZbL5kD6KgKeTzmRjzGmPMuZMjLpIMICMsDCMZyX0mc2HvAwbsbmDMkcKjf3eVGwHhA5MMGGMJB44lArkpIa6RlgtGWPo0AHh01grFQxRYNkIzIE5WKhEWRg8pntaN3eZU1zUUs8jpcZbZKPCI3Z2VfbkfEJxYYQlIcPAlHjyAUwZATFoy59GRxq54kKBjSIqEJuBIXSQhKRESkg8pHeK9XtSzLSNeddxqse9KnHhKXPOWeqe0+RTggwqlccSDRhKA4YY0pDiwZw+jQHPDx8YglKBQKhtZfL4pGUgAlGEBu9er3xZmuOa+YtLZEcscgd4hHR3HtHHex86DSiRkg8aIBGOJTHFEC0Zk+johoB40MWRkZXKJmDaCcQYQkY4BpGZWF/vyVOf7zAEZsZfOZnFY6GuMlR5yGGMGko4UYBGKSFEoAWDMH/8QAMBAAAQQCAgAGAgIBBAIDAAAAAQIDBAUABgcRCBASFCAhEzAiQDEVIzJBFjQJJCb/2gAIAQEAAQUA9pFz2kXBEi57OJns4meziYIcTPZRM9lDz2UPPYw89jDz2MPPYw89jCz2MLPYws9jCz2MLPYw8MWEFCHCKfYw8EKHnsoeeyiZ7KJnsYeeyh57KHnsoeeyiZ7KJnsomCHEz2cPBCiZ7OJntImeziZ7SJntIme0i57SLntIue1i4IsbPaxvIfv+sV9BTqU4u0ZDj9vF9KdkgpTAvK6Tkd1t39A/QP1D4Afredaaas9jr4xn7elBfvJRyZtFup+XsVow4vbTPeppc9L9BaiU0PkPgP7ljYMV8d2zftXT7BnLKLsUaBEeGwvruZX5o8p99oKixTNfiTGv/L7dUnjvk+puocZ9h9v+gP2j4jJjrbEafNL09EiUuxuqWwhxdf2S4q7HaK1l+1u24kkU0uXVy7eVMlWKhQNyX6bX7SNJ1SIzK0/a77TZtHb1d5XD9QGdn5j9H+PIfLan1swKaA/Os6a5ctYqaixtFWlE4tmnmw4EV+wBFzJlPZqrUSvNbq7Eptrjmqyx4siypVnx5S10Ggoti1p/SuQ6y/mfIfEfIfMfoUpITyrspdlJWY2l62irZas9rk28+ZB/hX61Y2cNHHdk8s8S2JNVxfUQJcWrYZUWhjCSBPrWpkaXTWdY7slbPm2dTPas4H9MfEeQ8xh+hvkpcXV9tdcc2JY7RLcE1mr1P8DsfWWnCWAArsZ30qR2Hz/yWrGB1iQAFJSRdwZarXQJKTE/R3/SB8h57TBFhRb3Tvxbinqguyq6NDAZaR2lIIeIS8XB61lJL5Puln79YGMOI/AnpSfT/P0h23roAYuf75AUm31ZqwzVdbC9djMBL6ewn1lJsG1EKQtMlZQFSEj3DgGPB30sesMtJIaUkdx2ELnFITJ+YP8ARH6KOGw4/wCn0sJQkYlf8ZDpCVAuIltBTz4KMWsOYojtpP5D+MBlt0JU44CIbbQckkE/2B5DB8aTpNaHCUuL9KQshL9tWNl3b9fipGyVchcOY1NcXKQ26ZLaUJuYTbMbbdfdxu8q3JLqfpKusacK0/1h8h8KchEJxSWk7NyNodC/d8zcd2o2Juztoy6TZmH2ty/0yDQcr1bVgxf1j9Ty3yrRRMZ2TabKHG1HZ5y6HWNkYlM2uy1GbtyXyXqlZqHItna67Rzv9Sqv7A+UWI9Ia2fX9i2eVAqZ8FnRHmb3l2j5YXQwtk2/lzYWLhPJi59ZaXsN6bS/+ScT8ecB7ntWk0GlW+t84bZIuWpFU5tQm64jdkOR6Ouv4/MevQI/F/H1Jt0XieraSxA/sD5bnPmxeQpcYKarHH1t8tazA1zkqy0WiWmyYkPV98/fvu1Wi201+5oWVVt8w1GqeYtel3WpQI0K/jawxbRXdX7Yi3ew6Zrzu73rvJtNrUP100WfOhcz/wBIfEfPaq5c/ka+t4UeegfhnW1bDuKtjQZ1cxeUXJAZmUHIaJlXoewvni7Stc1GBclC49clCWtr4+1a3Wvi3TYr9RxXxovKnVtWpsfW4sa9cVy7Ke2+fETgH6R5D5D4j5HKuO07ZUry5297ARHtIxT6CpKstwAjbduqdai0W13vJW5QI5hi6K40WEtTknmeltjF445BgbExRNCMUrbUnYXm49VuqGKiexDblbP+wDyHxGf48x8B5wlluUihccs9pUF10Z/tDknte7WrVVSwIt1yztWia/V63VvX8OIL26YsKaouYsOubvGZjHKeneylcPbwm9i2MtMFi1Ul9reKafeS61KUNDyB/YPv9I/RQvNrReSojEaE6Wm+Ir3/AFyL4mbeTb7LxtEYotcbhWj8O+qLYS7sci1lxU1W/Wg/0a7jLn61cKj6rEXF3na7N+XxM3Mcaas20P1zDSWWPIf3W1rRiYyVTqVbrkLhQ/6RyVzLVCu2nY+fNqps461nZ5UC51Gxjm407bmZVfo8wifocGVD2W92qu5Q1J20Y5D5DiLl6dEhxZSocYRmv3/9f0RkdQYsU17FduvO9E1aVes8X6nv+g63Pa1nXbewo1C2lwUWO27lQVcOfyIpI07RKfVo1sxDa3SauM5L15Hq+B+Q/SPMfIfokxxKRaPpmx9ycZf1jjs+xjRywDuUCMpb0iS1Xx51vJtKOur4lNs89iugUrbVztMKTLsJsBgRofyB8xgwfIeY/obNX/mhqciyRUuSYkqDZOGLvewtQW5m6RX5Gu7O3Ml61KlusbbbqtrmodiRJPHdcXX7mbV1EBSShf7Rg+QPwHkMH6KhzuBybQt0atSuhbPpfTHkWcKHZRbvSaxmZQVLUdexWiFxZUlhis46p5uzPxGg0zf61E3/AI14A5pXEYYcafi/MZ/jAfIfAeXXyHmP0UTqUvPthxO3aU/r9pUXDVnGstgYalXGytIdq7xLWC6hPxp0Nvd9x1+niU1Vst5C1nXeBH5C9Q5zojp3Omp7ztOnOaNznqV4xHcakxfIfIeY+PfyHwHy1aKl909py3YU/H2rXgqHtFbsUSO7YXLLUBuwnS6bQ9ttYWra7FoKt19tpnxIbubxji5AiwPH9UiLv8R31tM/TdBtOwao9UeIvkeuNL4oIC8qPEFxnOyq5H49s8hvxZyFoW2fMHB8gPiPMZ/j56kjql0Dbm7W6fSC1LitSWrnXycs9bddXU640gU1eI7Uxxuvh7xfypaZNMq03DXIRhv/APyCRe9QrnQlIV6V2I7QlQXhKkKQ4c/KSIslTC9Y5S37XM0XxKQn8h8ocay8qp9dbNEEEeQ+A/b35LU02xwJtI3TReeVz9L8RmibbD2apcbCVlpDjNjXpWoQ0trYdTHa2yzdfJqz+Di3XUS+ZFR0tueOGtE7gVI7S0/+QTfuNFClLsSypQ+sQcCsSvAvG3SkRXBGe1Dm3kbXho/iQqpsptbbjQ/WPlNkxYMDdfEHURV7ru+2bSfCXFEbgjxXaUrY9H45vXYatc2hixZZlpOKIWLyWlhbs9buOtglcftnhOr/AP1Wz7HRUOcs2VLyFwUyoLZJGLUlUR56Q7jLYSFpSMT0PIHBgPRSrEKxhRD3hS5ClIshgwft2nZtc1WLvfiVjMZs20bZvU+MERmAEJkeGwoY4BU/Cl5uesr0HkGms3WcqdjJMS8Q4i7e9y8ysBaP5OPAKb4bihqovGXrW40x2PFhQ/qHgHSCSR6UqyU2G8GIwDB5DE9gtnqTCffju8LchReQ9THxHySCo3+y61rqOUPETaTzIfflSmVRy80YSoqmlOIfd/KeKbSFsnE8awOrcveInUhsmk0UxKm4q1JEGa6lDUr8uB1DbdeovSZSi1mhR0Q9QumGqaNOdaptchH/AOqTilAHtJwKyaf5gA4gYBgGAZ6cCcWPTIjkZp9/a6ps2u3NbsdB+gAnOTuUdT4+RvXOnIO156QVlWFeEFWNxpZUy5ODTYJzhHkV/jzY+f4Cn7LjW0j2um73rR1Dfao9oWkIImOpDE9SxrxCULa/O4lT1To071vu8gwX7rj6GSEjOgc/E2Q22EiePTIQBiU4E4E50c9OAdZIHRYGd9Z4V94XUbl81rbba5f8QcuY0UuynevpXQH+caQO3I7beJT1nR7bR9dgZwZdsb5xZxXPe1/b+dNOTf6zWNAsJ+0Skloxn/S9SzSWOMqJbo5ClhFWiGXM5cmortOa/i8PMDtUr7mISMSMAwAYU4AB5WY9ESN0ULyO9JjP6neRdp1X4nPFnvprapbalKAOAHHeiQBnRORgpUNAz/pOOf8AHw66jB2aJxvBXK2NaT6N+49j3L9tCm1E2cWy0Wylzh/XXdkt58tiui2Ty5kuW8hlrmOcXoC2/TPSkp8usQnCO5iU4kdZ11iT5AE4Bl39V0ZJKCggIIGcAcpM6LN+O87LE1HV9zs5l5tC0kqIOKH0odhAAxIGQnFLSg53iR3ix/HweWJjcmarWtx7WW9+JRWGs2bXqy+rN61qbrdhWwJFrbazUwNO1mzfdlOz3PTlq+S3yY/62pkcpsPT5dd4hPWMgfmGAYB2CDjZwYlP3frBgV6j+BxXZQOko/mj4JSSfEVtgutma6f2F5BOBAxxj+Lrakj0H1NpIRCKhNI6UkHpBOLHeeHCyFTz80yI79g6VPwz+WJXq9Ctu12DsNPw3pE7XJE90rMp8E2bv1Zl1TW+NER7xsIsFjo/5zrrCvoIV6lIHSRg8gOvJA/3NgcPua49MAJxI+iUp8x5chXp1rR5ThXlAS5OktkY0lIUGAQuOMWwAAkpzvoyQPWO8Cj199UUs124wJSLCutE+nKV7+f4gFLIDU8LQxKkHpQU88aoqTaVaEReR4o9ttCAm2c6AT2PKSfSxFHa+vpPYz/pRIxCgR2RjRAcsnC5Ngk/i9YSGlqUUp7HkPLxOXKIWlqdUpeukiyk9+hokqa6IeIClj1BacPQCF+uCOilOdHqeS0OD7YWejXTX+xWOFMpo+pt8Aos5STlrHdApIfSXWAGr5AVG5Ib/wBrdWy3fr+lJw/WTiBFjfax5J+8/wCkd9/ed9NrPclg9Jb7xnEdj4JSTniC2NN7yQtYBhqLG0O/Q/7YIAWoepRBSvvHR/KAUllofwb69XX8bNHqj+FW8D9Vap7jRSUvxj/sOf8ALdEuIZopaZlfDDbaEWzci3v2FpY5ESSORB6dkV5JJOWaumY30rySccBAA7II6ePpjtntxpQIaIGIUMQe0gec6Yiuri+t9DwSoWS/bWqiVtLP8mln0r6wEkJR2XI6VZEbUzMKenATnX8ZaSUeE22V7+cn1NgeiTEPcX8oKrxkOx4Vgamc7dPSYmlBxd7bMBxjlurLEbkxJG2HyGWJ9S4yc+gP852U4tY6DiE4ouqwtARmjkc9BLmRkk4CPR5+IW4/0ni6cCVFfY2EFcClsS6qQkoKFdK/yUAJxIxRICwr0O94kjsZK+x4TH+t8f8As2jZamViu4LDwM6ee2t1iF+ZSF+JJ1KOlt2SO0cn1nuqHlQFG6ny7HUodutLbGF1vAp0BYWtHTQUFqBbGAkqQCC0QVMAAIX0lhJKfIZ4sb5K9sUs9zmuhJUXWKx4sh8hxCT9tkE9A4jtJWgFICUgpW4hBGDol3PDFLTE5ef/AOdwx62qNXqgNgtbDMV0w40JVttEcx5OiWDUyN36kbBGD9dz8wmNy3hHSf8ACZxK5aAWyh13E9qSARi28Q0cUUIxoKU7I+pLZIyMsqMcDG/8eQzndx2bzk92kB5HpnpQCk+mdWPJciOj0qa66bBJIOADpZBxl3p7opKOseCTnFs41nJRWF5JSFIpB+NNkgovJKlBquBOx7pECM0W3NTtkZYU3Lb9bPiFU4rnHCeh1/J/7dA7xIAwLQnPyFQAeWnsYjsJZSCZX/toyMojI5UcbBKfIZ4hY6InM8pZKpTRUHX3EmYexTvg46CsNfRZ7wJAxZKcdKkgPdB5wOICk+lZ7MF0xbrji5Td6g+MjAJXtMkMZaLcTmrNfnvt+SBX7kXIk/SLRuzoVp7a8W8URuejisWfQj1Ou4gKxLSDjJSkdlWFKiFIIW2CcZPS5X/tjE9hMNxX5W1HzBaQN/2h3YtvVISvFu9F9xt1MoFCtfdIfQSWkdhcbsYBj/YCz3hT0IvS2ASQhOTekjw17D0w8P4FwpG/uLGtWhbXDiS11LV+EWWr7+x6o3A+wfwZWFseM5HXOHlNJTGSnoAjOuvJpWevtTiOx9gtnpyyT6J6M/JkJxKlsdYPLluyNRxXCSWYs+L0VvKSVuJIfUQmI5+KVE6UAn0OsEZ3jo+njie+21p/KsBLqD6cmdKHEWwrg1wcS9DcObK2h+qrJKpeqx6ydPtlxmIlPuTHrgavaKpdn12aiVA8cTBa5Xz/ALmnpIPYAxPWKIABIxCgAuYAv1hYSel3ierIeVd0HY57Hl4kCocK2i+q9h9xrF/jeQ/Dx9LreKyrfS5FacS44gH0JJCHikY7/NaUdlSVBHYMX8mPp+uPZyhSaDLM/QH1AG7V6q7TEvztFoqtqEuePWztUYJubxlTMzg/YvfUPjs+91Jz6Imkl5IxAGDFDB0cAyUlKS19BIJy9BEweUH/AJxvPxFfXDVr6koHXoWlaMMhWSnQQSDlBIARHabbSgjsrISoAoWjoNlIP0EsLHr69Jd+06bILbvB7/5eIpa8tF9ReLPSzp/uvyLT9x+Q45bmchRfxWfF18qn2Pxu9PTVDsFrHiC6n/CMAIzvrOx6ji1epKDiFEKvD3IHlBP8mDn/xABIEAACAQMCBAIHBQQIBAUFAQABAgMABBEFIRIxQVEGYRATIjRxgZIUIDKRoSNQUrEwQEJUYnKiwRVEU3MHM2OT0RYkQ4Kywv/aAAgBAQAGPwD3aH6BXu0P0CvdYfoFe7RfQK92h+gV7tD9Ar3WH6BXusP0CvdYPoFe6wfQK90g+gV7rB9Ar3WD6BXusH0CvdIPoFe6QfQK90g+gV7pB/7Yr3SD6BXukH0Cgv2SHLf+mKx9lgzyPsCvdIPoFe6Q/QK90h+gV7pB9Ar3SH6BXukH0CvdYPoFe6wfQK91g+gV7pB9Ar3SD6BXusP0CvdYfoFe6w/QK91h+gV7tD9Ar3aL6BXu0X0CvdovoFe7RfQK92h+gV7vD9Ar3eH6BXu8P0Cvd4foFf8AkQ/QP6kSayxAGM8ulNGsgLDnkEj8xtTTGSbMTEK0MTSKT1BwMAHvyrEj3cjNsOGLJz1BGelFfXPCx5CZDHn4Z2x86IWRWI/hYHP5fuly5wc7Hp33p1kl9dKuyxQkNhsZwemevX4UqPazBWJPI8WPMH/bcU0kWnXUIXHALkKqnB/srzYHzGKKSa3eQlHwiWkK4XyDt37AVJLBqcrSu37UXsClZcDIAK5UfHn3qMXLmFGcGR40/EQOTcR2UdGGVzzqVBqQtWjJdJWiAjZNiSQoBXHXGdt8UbW6lX/iEG00eQTuMqwI2ZWG4YbfudriYqVQZ3OM4/memOtE3LvESQzW5TAijPIyNyBJI2AyaMViXkZ0Je+jYCOPH4syDmuefLyzQn0WW2N0yZe5CetgJyDiIMSFUjGWILA7YFJJPrpF7POYyImKcWCcKpKjDFvZGdiWqR5NQuwFc+wR+2jA2ZWzgllP++1RRx3BupZeHAmTDEMeS8ie+GzTR3d5p01pEQHBRpGj3yVyBgfmaU6Dd2l4qAFLNpTG8R3GU68I+PlUHDKIbqyTiSRGKCNF3KtkbLz4TyBNR2mq3P2XUhFxKXTCzgHDeQZeooyQSpKoOCVOcHsR0Pkf3I8shAVRuadp4TNcOMW0Tg8IxuGO+wAPEeyju1CK2FxcExCWQQoSURxgyt09YyjIyeEAgAVMNL0++nZwckTtKXIUZDx5xy6HI7CjdWmm/s24TewrMpVByyQRkZHXBwdicVFrGlOyw3aMZLZGPCQWDEx9iG9ob+ySwNT6pHBjUFckkxAo7En9uqMckNkEjnnpSvKJJbudCEgt7Zbcsh/FJxMDwKeQY7kmotJW74pZQxD2xEjImTktkcC7ZJ5k/EgViSDUJ3chpvUzATk92ZhhRsPZpxdXOsacZFxFLK8ZEgXoUQEqq7E5IGacaZ4p0vVLYyCWKFNmjbGNmbG3erWTVo0nsHRBdotys7xRMSABIPx4O65JIBoX+j38N9aluEvE2eF+qsOasOoPoP7hzGVyvE+W/CoUEs7eSjJ+OKu5ZHmS1imUPKTheBl4izMey4JHUtg1dHR9JszZ20gVGu52ihdzuJHPOSTGwHRdgBT3xudasZCB+1h1FLm2DAjAETLstSJqWv2mpSI5ZCrGP1StnOykkN2HKpNIu8zB5Rj1s5IBIIV1bmArAcS9VYmiLmw9VdwgRiQuwAXoAR0+HMGhaJJfXM78RYxW2HB+P4QPLep2uZ1snKAzLHN61xgZAZgMZPRRvUl9dWVurTFfslpwZWJWHtSyfxOeeT3wK9UsFwVb2mczkcTA7ZXt26CiLjTGjDnIvYJONQR/EpIINLeQNNDwFYi6owT54yCfiKfVvDWvJM5ObmPlH1wJIzzGOTZpdPu0bTNSLBVtpgQJfNSf3CxJACjJJ5CoNGspTHNdMqSJ/DGxPCD09orkirCytnzDcKsslwWwrsWZnVz2yBzyMCk8Q6oMWsURi0u2KEG3Xi9uRV5KZGycnLEcsCvs1haFbaMcPrEhU7dFUNghh5DHnTXNx9nZVQl2eMEMRzzgZJ89qNxFpENlCxxArxrxyd3KnPCO3Wg0l+RwDCkoMj4Y5GnVPFk8UDkZQwB/kAailMr3ElvuhdBgHqwA9kH5USCWPMknn8aNHhODUkZZoTIMOUOA3xH+43qeSK1tb4Nw4Uq0ckhHUSLtkc96ttXS1u4J7OYBZ0cH1bKc5cHmo5Eg1HfQnaTmORDdQR5H+vk9hV2YnEbOnCjscAOevx7edaUjxEMkSy3Eg9vhZQI1IHZQevUE1Ba31qktjC6xLBbkF1VsN7O/NmwfMFxVkLk2JkMQlZBIViUAHY4BduFflvgULlwLmaT23uAxVW4v7OMZCgbDlSyXI9aiHIRlARfgo2+ZyacgZbHPy8qwPQ69627ejO4ziiMDzFMmAQwww8q+xRkTQTQmVgzFUXhOFBxuxJ3q/wBNKeqmsrgB06LxDO3l+4LmBlLAcMm2zZRs7HpyrSdagImt76RLe7Ux7hknDM3YBgTWhaiYmktVmkRnjOVGQ6oT5Kcqe3SrUHhwzJAxK88cTN8RnaiFFNsSakUgheWe1MhIPDWSDtimB5Yr5VkYxzGedI3UjeiaIFKODLKjBSdgCdxnyOKuNRjRVW6t0R+jcasdvyP7gIIBVhgg9RR0iEyRsly1zDITngYjIxnzHI+Yr7FqlsYJ7ecujIQAeI5JA5cJOTXCpyqEHONuIjeiSBnqKypwacr1ohgd+ZpVG/Q05PQDeuRas4BPIUuQBnmOdABmBPUcxRIO+a4+INht1J3wDn8+tSR5LDhBB8v3Cb2WIF4zwB/Lnv5CmBzx7Any57UzDYHYD/f0bGgR8xR4TvyrBGcb1kjYjBpxyxRXYDnQCEbUM0cd+QqTLcLcQORzY4OKSQBQWLB/j0/cLniOTJjA/QfOsHLBsgkbAd/1or2pnYhU3OTWZb2EAtge2OfaiH1GLY4YA8RB8wOXzoy2l6kwJwNiMNjlTxxyAsiEsDTxyNji3XsakeSQcI6k08pkwgAww60UTVoGYjaMOOLPwpUjvYSefAXHEaEsZyrflQOMtkCgGUHI4wQeRzjH7hEmFOJCWJ5ADvTStLEEQ+07SAAjck88AU9trXjLRLC5THHBLcj1qg8iVGWp7DSdZ1HWemNN0q5m/ULRbR/Cfjp+TRzz6MYVU9wryLUs+o+H/Exmd8swiUDY5xgynahbXui6/aEsr+sNgXB4eeeEtnNC1XxEbWeZgCt5A0ZBJ7EA1b3VpfQ3kUhYiZNwOH8TN/D8DT2ukatb3UJJWaRM4ikHMAc2oRW+kaiYjkB5lEKYbsZGBIOM8q9YbmC2JbfjuWdvmUXb5GkLa/YxnlxCxaX8+Nxmhp6+PrZPKfQInT9Jc1PqIn8J69aQ/j4LKe2mQE44uEthhVrqUul2H7bRrO/QguMvPLNG8Y8lMWRUN9wCMyDdQcgEdvvH+syOg2T+da1FFHNYJaxwpaM8xEdy7KSy7csNtmtcg1fRNTaM6PewSRmB3y5iIAHQni7GptZ1mK58SfZ4Xu5I7/Mj3LxoABIOoB6VNLf6bNEOBDBBaooHtD8KhcLQu9N0KDQ7CQghpZVlnxUv/EtR1WSLjOGBA4k6ZCjAJHTNFLmK6vIScHCHjXzBG4xXikeJsXVtbaY+oaddvHma0eL9eykVY+IdV8WT6PaTwL9mtkRy/qx+HIyK03QvF1ybyW00aY+HZ0gDRs0YZ0yOuMyt8alMct76t3OZimC3nk+02ahEc+s+pZ1MjQsC4BO5UMcE4qK6gsLjWbNBmVbqNYpFHkVPtbc9qttQXTWgm9YBLDMu6Y578jXi+6LBeDSZijVoN5Zmzl1O7sodOhhZG4LO0Ny9wJpQSOKTEjBQOlQ20MbLDCgjQkc8DmfM8yP6/wCC7W1uZoBJISxRsBgzEMCORBAqSCTcsuxA78vgaVDISEHCVyc7dTXhD/xNhRLSzN7/AMH8RMqBUa3uAUjlk8gTgmpppVW1ER45JFVQqsDntTSW1tNBboCEMyYeQdCEXkv+Y1JaQxLGpOC7uD8tqzNOPb3dkUjA5bt0+VWH/hJY3b3Osa1cxNe9WtdODh5nfoobgSNQedLZ26KIYFWNUAxhQOgqx8R6KEOv+F7oX9nnb1qg/tISR0YV9p0a/SG5GTc6ddN/9xZtk5hkQ4bY8mAwRQin0YSKvJo91B8gad7mKaIvzZrYYA+OeVNPq/izQ7Fv4Zb2MSfJQxY0/hLwXpmrz6bqjxJqWv3No9taQWocM4iMgBkc8OAAKtbcgQgR8EagbRouVVR8FAAqXTZb2d7K8sVeGF3JVMdFHIYI/r/grg6TKfoZi1WlpLIwnuJhFGAMjJ7mp4mCjOCvc1c6VqdnDeWV3EYp4JhxJIp6Efke4NfZ/D3jvxHptpEgWC1uzFqUKBeWBOpYAcgOKjjx5oV8D/e/DvAfzilFZHiTw6nnBoTOf9cuKI1vx7r78X/K6cIrCP5mMFquTpMEP2u8Ia6uONpJJMcuKRiWY+ZNHqQenM1cxEB0LFSpGQVIIPyIOK4NRsNOv2g2iMyAzRp0XiGGwKIk0dgnQRXs4GPk9ZfwpZ3Z7TzzSfzc1xaN4V0TTTsS1vYxK/1YzTNMWIUcyc4FLpKXHBepAk+CDwkMMhc9Gxg0kXOO205SvkrBif6/bXDgGazLyQn/ADKQw/kas3uAOGMysP8AOFPCBUDgoFlQjB2YsOx+BrPPuaOeVcwBT3F1jKA4GQSTUFpA09noCTL9oMRKmUfw5HQ0kMKLFCoARFXCgU0h2DH51ISCFzUPiTw/LKmoWRYSIvKWM19g1GIQ3ytwuGrKnKYxkde2e1AVPLnBCEZ8zsK0e/VQsggNu5HNuHBGe/UVF4iKASzaUkB7kh23Py/r6MO/D8c1/wARtLpRGsiSIi/iDg8iTsB3prpAoeJxwkjPDk4JH516qPJ4QBkHODTxxsG4MBiKnvruYRRRoTk1J6r10OiQv+0k6uOqihFa2qIFOEUDB8z5+ZoMb1NyAsbHJYnop/8AmhNA8TwqSC6MCM9vjV1NdFSmQEkJ5HPIDqallYYt2iJQkZPPGSvMeQoeKNFlSxulcNIgJGezEedLp19i31JUB9X0lT+JDX2uQ4jR0Vj2Vm4f5morVnyWdAQDsfaGM557VbvZmMRwrwtxebb486KRyNJFEFhRyc8QTYsPiSf3BMdg7EcY7nv86ksbiUBbwGJfJiNvlmkIZfaXcDOGwK8RTswLQ61NGF6heFOEGrPwRaT4hGJ9Rl4/9AqKxsrF1KJgpG28p6fAUMwFGQBgUPtqxHEQTyABwPMZqVXgCtJIJsHJGcEEE54SM9PPerwaNps6wT4MiI49U3bINQDVi0ECk+yRlYh0PCvMmreG2uCY03eebHESxOeRzjGfPcVPBexCUSqwAUljw5yCp74yN+VT+HJ3kgnjczWk8Wz2cmfZYZ5gjAZeRBIrWzfBIb+3syZwvISKykFTWnXd0Awb7OGJGwZiB+fWri0DMiS49pDgsuckA9M0sSqAqDAAGAP3AeBiuaF7cStPMoKozAARKefCO570YZAA8LvE/Y4O2/wIrx/oHR5oNQjX80avEOpT85HikyX9r1JbFRaBoFnYaZ0a8mhDvg1Z3viXxzqOp/alQkwosSgsMkDAqAjxPOolY8RMYJjXlk79edcNr4hSeEv1jZWGepqGO+1O7bY5AfhEh68PbHnQVVu7hUR+N1ldHLKME7HPPkKv9B8AeItevYIXCeqMzOEk5MuDnZWOKmu9WZ7m5X9iz/xMcZHyNaja2hzLqstrbeZAYFj+QqPT5044kTDgtgtwqMcu2Rignr5ZgowpcgkD/c+f7jfKMUmQMT04l2+Xs7+dDXIkCm4hME+NgUO4J+BFJq0QLPEnDImOhqKLWLDF/BlBdw+y71YaVrJMjwPDAlxHCSJ1AWNWYDIVsDcUulfb4Fura7EjwI4LheIE5HYg0ss08Pq0nUuQwwEzg5I6UbovdX08UwENtZwO0krFsFQSMfMkCpNM0zQNTtvELlgYbuNeGyZlBillZWKlW5hVJPRhV3fW6Nc3lw7TXV5KAJbmZ85Y45DJOFFWohUoY5kR2kOA6+Q7E9e1WcBAEdsjTuTkA59nNS3LKCSAiOTknqw8gDgfuRUEhjkVw0b9mHLI6joRRV5Xhuo2wEb2HZlOQBnY/DlRiiIiClSZRjhZyd8lSf8AekWS5MycGEJxkj4CsyKGUjcdPnTGAvCVUhXTYhTuQe4ptFXV2itgAufVgsq8WeH86uJrjW7ppnjWBo4vYURqMKBjGM1bxxIPXYyeoA7H/c0xJVVQb+Wepx0rVL24m40hfNupbhHCu5VR0NRW4t5JDNMWIwT7Cn9mpAPsgN7WKjgGCVHtkDAZv7R+Z/oj/W11u1hR7iOLMwC5aVB2PdRnpvSNwAWzR/2QqpLnOd2JBwSADtvQSGW3ESuMAOXXJ5BeEbfPbzoAACUr7KlscXxzWZGjBCEt/g8sd6Jlgmi9a5G8mzeeMbeXegI7OXgGF4pHJ64G1NJeRrAijCoG3Pme1Pp0alrWPhBkLDJbBIA+XTr8RXq+FZY43JeXJjaQA5VmHLJ79hT67eTLNNN7MeEx6pOg7E461p93qN9DZpe3P2NHmbhQznJRSx2UsAQM4BIplYFWXYg7EfuQgblHK7HpzqfVo9KW+0i5XM8a5LWr5yWCgfhbr2O5r1CriOAL6xUkVmZQDhiwIVgDttkYNGAidgBlyvCSB0KgfiA5Gik5jaTgzgKCzL3wd69epCAnYGM4Jzn9KDZt0TiJwRk/EZ5UtpZTHCj9oeeV67VMk8iwW/AxT1eOMPxbsS3Ty2IqVLoqLOFl43KhmmQcowds+ZHIGkVFwqIFUchivFXhGXf7UjxQs3SdN42+T0nhjx1eOLWH9lBfy5Z7Rl/sS9TH2PSorq3lintplzFPE4dHHdSNj+45YScBlyB5ijG52zsQMVd6/oXEYZWDS2aAARDkWUE4wOeB8QKtr2Oe6SaO5YI8gMZl4RvluiA9geYNNbAKWHCCQpJPF0B2x5GnSO7nV1f8Sn1jLk4JOdjjFO1xOzOoxIZkAI8tt1OKMscSy4Yql0zkpk7hfNgcb8hypdO0iI2tm0cMsl6pIiQjIkLHo/EAQBz6io9M09AlvDGI0HBhcjm2eZzzNXet37gQ2cJf/MwGQo+JqwubreeeFbiQnqzkvXijSUQpbPem7tv+1MPWLQu/DurzWsfGDPaMOO3m/wA0RqKLX2Hh6+PWTL2jnyk5r8Gpbu1mhubZwOCaF1kRvgykj9w3k78ooMAnoWPP8hRANNwlhKnIAKcjqMNsc1PLA9xCwiZI8OCFDHJLKQeLuAOtPLbwrdkOx44s54Co3AbCg7BRzxS2lzoeotIzD1zKVICAbY7nmSKFpaabdrCoy5uGMee5b5dd6NldzGys55VKLEQWC75JI2OeWDQtLaIGUtxOYhhXY82PcnrTO5GMHY7DFPoVk+LKAlSV5SyNVvZrkJDbxR/SgFeGteRN77S3gfzaF/8A4es8wRv8KeM8s5FPceHtavtKlYYb7NKQrA88qcqaUX0uk6xD2ubMIzfF0INY1vwZPD52F6G/SSsT3eq6a3a5siw+pCaAsvG2iOx5I8/q2+YYChJY3tpdq3I29wsmfpJrEiMrdiMf1u+fGeN/zAFeIfCd/IiaxoV80XD1ntWAaGX6WwaJILdDTwzRh1O+CMjNNJAJULYK+rwOXQHlgUHk4y68lcDA74A6msBFWRSDx8GS3fnXADJvv5CmJO+Ke0gdlVs8ZFaNpaqSbrUYY/8AWCf0Bp/Nq8H3/SLUp4PrirhJ5Hcdq8m2o9DRRzgHr2PQ0ysMMpwR6MHDDzGRQaBmhYcjExQ/mpFAaX4r1H1Kf8vcv9ohPkVfNC08b6KbVv7/AKZlk+LQk5+k0PVeO9Ey/SWUxn/UBXrNI1Kx1JO9pcrL+ikkUVIII6H+rS3FxKkFtAhkmnc4WJQMliegAq+1qKL1Nm+qXMVn3MKEKrHzPOrbWtOcwPqOmQzq/RnjZkaop8iOfAEsfZvQQQKyACMfPP8A8UTWSwY08URpnf2ievXNaLK65Fl666+aoQP1asinu+um6raz/mTFQPUciNiKCSbMORpyeoFFQM43NLwtmVdmxyx0+f3iMgqeYO4Nevs3ks5lIIe3do2/NSDQgGujVrXpDqiCfA8n2aksvF+i/wDCsvg39k5kgTzdD7VJLFLHLFIiyRyIwZZEYZVgw2II3B/qU1/qF1BZ2cIzLcTuEjQeZNPYeCLD/jd1/frrMdonwH4nopruu3V5EzDFquIrcHyiWtG/9aW4l/OZqXXrCDj1Xw25u07vbNtOv5APUdxby9B8GFKJGwwFbMCPRwheQ50UBwtZI4mPI1xcjjGetarqHDtDaLEvxZsn9FojU74Ry4z6pELvjvgV4y0zQ7tppG06V0R4ihMkGJcD6aV15MAR6JoyGIAz3PyFYija2iIxk82x3Nc8/wBAcmpBnO4OPlUf/h5q04eznDNo7vzilHtGDzVunoP9MbjxJrljpa9Emk/at5CMZYmntPA+iG5b+/6nsvxWEHP1GvX+Idaur/gOQHOIIf8ALGuFHlgZrhjBClsAnmzdzQLH2Yl4ierMTivCLzlIs2HGegHE7NT+ouLa7UDEio6uMHYqQOQIyN6vtCUH7Ax+1aa/eBySF+KnKmhJG245ihlyGHPsa2amYGuEDJFDIog4wOgq/u+s90F+gAVfOMtLLO5kby4iAK8T2H92tJbkHuvqXVsVF/kX0MO9Y4q3FAhsg8s8/wCgYHkyA1HdWk8lvcQOssM0bYaN1OVZT3BANC7dootdswqarar0bpMo/wCm/wCjf0gVQWY7ADcmi3iDxFpWl4BPDcXCh9v8Ay2al0zwAj6VZ9dUnUfa5fONTkRfq1S3t3PNc3UpJknmcySOe7MxJNAXUjpF1KLk1wWLqY05BeZ+PXNRxscb8TE9FHMntTgMAo5efQGvCklowa1s9MS0khX/APFPF7MikdGrT7nCJHqtu8HlI8Z4gp75UsBQ1rTE9bf6Pm6gK85bdhmRP5MPNaU5yp5EVkdRvWCc45UQ5Pnk1gY51wKDnqaYcz1xVhge08Prnx1ZtyantICHupXYySDpkk4/2rxfq8+RBFoF2kjL3dCFH1VGOoUA+jB5cqypHoQH+En9f6CL/ErD0WfiHQ5XivLVweHks8efaiYdVYbEGrLX9GlE1hfRiSLup5Mh7MrZUj+hwASTRi1S5a91bnHpdoQZvjJ0iXzNTWtleJ4b0x+cGnEq2OzS/jNPIcszbvI5LM57knc1z8sekNFmEjkxODRjnuDIrAchjOK3GWp5bovPoF86Lqlt1UDlcR/40H1LXha9tLnMBeR4ZouRLKGR1PmoBFWCl4GuY4eC6gV+LDZOeIHccXPFanowVha8f2iy84HJK/ScrQUt8BRIJrYhaALZz0PWjJ3XaicMxJwANyT0AFKXQxz21koKnBKtjFO7MWydz3Nal4ftkXT7KSAm+vchnlA34FHmQMk8hTqejEfkfSfZrGTzoL2Qf0EEh6Pj8x6f/pC+lxpmuHEIblFeD8P1gcJ/oJJppY4YY0LySSNhURQSzMTyAAJJq60bwKHsLMuYzq3Ke4UdYv8ApKfm1PPcSu7O3E7MxLOTzJJ3J8zQAAAAwoHIeg0PWZK5Gcc8V+yACc1+FFazQJrOM0fAF1d58ReHJjLpiO+Gns+gX/tksp8qSC+iKJcD7LcqeaEnKt8AevZqnvrS1M+r6XEZrPg/FKvN4vmOXZqV8EAgEV3Nf7k1hq3IGeXkPOk129jwv/Joe3WQj+VLYr+O4bfyVT1+Nb7LV1BFzdKmXqHb+Z+5gU4PQgbfD+gST+GVDWT6Iru0YrdW8iywsDjDqwZT+YFaZ4js244dStVm+D8nU9irAj748FabLia4Al1Ip/Ad44f/APRr2gCEAWiTzPoPpRuEjh2bHU9/QQR6MVrlyHlj1TSb6GWCSJyjhWTmp5gginn1AyXFwiDLynLMeWTQCk5X86OqaQ8NjfEEOnBiG5Pc4/C1PY6jay21yu5RuTD+IHkw8xXEzgY6msqSSaIm302zKtdN0kPNYvnzNetlwANlRRu3kBU11OSXc/IDoo8hR74oxVcjtIw/U+nJo+dOe7n0bH72Acj1i1lCeIisk+ibStfmmfwvekyvwLl7O4/jUdn5N9671y7xIY8JbQ/9eZs8K/DqaFzfTNPc3EzXVy55s3M/LlgdqPX0+Q9GVqaLljBHftR/Ij0nPI1qul/36yTA80ep7lVALLg0AD1r1qjiRvxjuKNvewLcREcSHk8ZPVDzBoW9xie1lybe5C4EmOakdGHUfMVb6dp0QkvLuQRR/E9T5AZY+QNQaVa+0Ilyzf2ppD+Jz8TRlnbLDZQOQHYU1OSakqckY4nY/rR+4zd2P8/6DhHSQA0v+UVwhvQUbBU/dAAyTyFDR7Rs2GkFogw5SznaRvl+EVdvw7RRYHkWbHox25isnYUxHo3NI2QwbKZ+NEelvLoK8MSvtFPM1u/wapCOprNFeZWnhJJXmhPTyq60y7HCJl9hxzjcfhceYP5jIq71rXYUGo5aC1iBBEcfV/It+YFO7HLGmpqYgVJmnHpOK3BwBnNYFYP3D6WiB2L5PxAxQXyHoNez93V9bi/8+GDgtv8AvOeFfyNMCzMdzxnmWPNvia1SRzkhkUk9efoYnnit+tEDehhcefOt+u1A8ipB/Kg4BAcZ3/29J6YrRNRBwbe/icfVVvepgrPEkm3mMmvhRU9RRPQ7istgnpUxBUiPGQOxpvhRVaJbtTZXpvVw3YgKPnUi9Qd6xXYj0Sn/AAH0Afez2p27mgKyaz+Qrv8Ads9FDftr+6Ex8o4uvzY0wGwzWqR9eND/ADroTWTXliuvlQ3w2MkdqOKJAqInJ4Tg/Ksj0rODhonV/pOaskLZaFB9JGRRNL57V3r1ecZ6jpRgICSsMSkHZh0rMe+a4mHt0afFTgdSD+VTA0cH0dxT+ZA/X7mKINHet6lJPJCaJ8/Rk7n0H7gUDLE4Aq+S3kDWmmqLGHzK54yPi1ZyQRU0f94iz8wc0evasdR+foPboaGDWQcnO/xo7AHqKmiz2YD9DWKIrFSJ3U1osRf3vT0+paf4UvkaB8vR9qiJDx7n4UjsQWIp2YgAULCPBHDljU2BkYpW6MCKlXsi49O1KP4n/l9zvmsejBOKnJ5BDWfOsKAPTlfuXmoyNwpaW0k5PbgVm/mKNzLkSTMZHB58TEsf1NMGzmrK8GfYcK2T0O1GtvlRyfR3CmiPngUSCd/zoZ5PlD86I/KiCfQ3lzrw3a/9C5MHyJanFEHo1KR2px/CcU6kZBBFS2UjYQsShNOIG/s5AFM7Ek4zTCop1/DxsKn80Q/pR9BNRr8WxWfTua51uRWAAqn+05x+nM04MhZuBsADAO2+fTgbmiWII+7eQI2JtVmSxTzQ+1J+golen5Uc1gD8G4NeolAw6BkPlTAbDmRit8EbDY1gVtkCiaOSCDWyLkbihIQMMM5O9HByfMUVNHarG27ajGaauMcmpSD0q7jHNeE4o1iPZs0LafsR8c0ZRzb0OAuSjZFXcfRUQfp9wn+FBXOjg5J7b0SsbY7tsKJaQYHRBk/nX4GbzLV7GE+ArJ3Pc1w5PtAr+YrB6ejHoy/3NJ8PK/uFl9okX/HNyP0rWKMkYyKeNjUZ/tQycJ/ynlXECG2rHpAHTrQ4Ry50FpowCQm9ZBIrI3BoitMVuTzxfmGpx50WHMUBV1Dk/tIi4+RFNk5xTA78JoyxD2kTjHy50JEPIYYdj6J1Iz7BrWrZdhEYgP8A2wfSaaM5AOeXlWyr6CDRGfThmAPYbmkPEYRxDhZufyFTDmeNv5+g9h6D0A+54rZuVtcpbL5IkSgUSelYzkHmKMsRyp/EBTKOUy4+Y5UAQc8OD8q8qBXc5rIHoOQcis1wfxjGDRHY+jtttWiXXa5UNXGvJgCPgd6IPWniPQ1aTDm3HCfmpI/lTFxgGpFHI1BJj8QZTRspWxBckgdg1ZFOD1BrxgJemolB8FVfQQKA55qNjzLt/L07sBR4InYjqBgVgmOMN8zWGMjEHBBOB+lEIAn+UYoK24JFTf8Acb+fowK+H3dfZP8AmYrWf/8AdoqJ86LREq36GiGBVhXGuxU5U+dMRyOCPnWxJPc+jY5ok/I0ew9BHM5qOQHKnPyJ51j8yawMCrK4BwY7hD/qxWmXoYM5t0STyZRg+jNQXGcCO8gyfi2KdX5DIqZui1GwH4HFC5jJDRuGBFW10rZ40BNGtaP94gtZ/wA4vS7gjKKTSEqMLvnlmsGUL5AUeJmf4nArCqoYdQK+A9GfRgVP/nb+fpwfuNJM3DEil3bsqjLH5AGtX8RvllvLlinZYhtGB5BRRYEEGsg5rDjPn1o4bK00XPP4RWCVFZG59BPX0EGsEBqeLYAAkGiOWPRxjmpByPI5pNMlf2biNZYqzRxV5Ipw0ckco8uFs00+A3HGH+JYZqPWI2SWQM0MkZl2IznAHTHQ0LuMErNCJFHWvW1Jo8r+1Gcp8D6J36vpVn/J6JoinVTjJAz1rmfvE1j5UpPRqnTs59PY/c8U6grYePTZETyZ8IP/AOqxJvHgAg9McqMlq2x5oOXyoq44TR6GiCM+YqOQHA4sGuEtXxPoNYPUVhD8KOelK3JQcHzogEFepogU4PUVoV+r+1CIy3wBwaimU5V0VgfIijV9BJ+F4WB8iBkGtOuWcBpbRM9thijpCSWqW7v6z1hizIqdRnOCcgYqOyXJjijEa554xVzGAeKByuPLNW90CQA4D/A0JVYFWUEfOtOn6T6LD/peQeg0oJ5kn7/DWfRKf4gG/MenPb7mtqvWW2Q/Ay0FiO7n2seVH2tq9rBrMT48jWG9CNnfAyKAG56eVYTI23Iogda5E1nrRVvl50+SMikYgB12I7+dGm65pbfi3jdlHwJyK0G76y2aZ+QxT9hV0oOC0bAfNTWkohGFgZGPmGbakuG3lyQWPnTYq8tSPZnXiA+NSL1VsUtpK+ZoCErwq/fSJf0nomjvQXmFUAfPf7pFYJqMjrkH0r5xr6T9zWfKa2z/AO9QVD3wfKuFx13NEq+xrDen1RGVzjPWg0AGMZPFRCjlWx9Bo+VNkZI3or0I/I0QOR9EsX+MEfPatA7pAV/JjT1NncBGqOD8Rink/wBRBpoUH4cE0c9qiu06AcVPKv4ZAGqIEn1Ux4WrwVe97C5T8pVPo2PlT/H7p9AB5q3pT/J93//EADARAAEEAQMDAQYHAQEBAAAAAAEAAgMRIQQSMRBBUBMgIlGBkaEFMDJAQmFxM9Ej/9oACAECAQE/AMrKyrWVlWsrKyrWVlWsrKyrWVlZWVlWsrKysq1atZWVlZWVaysrKtZWVlWsrKz+0tblYWPF2EXrdaz8VZCBQKHiN/SkAgq6BDHh3uzSacoK1aDkFYQKtWgfCONBBNyjYRdWbTXXi1uTXXlblJMGBHUSXyopnk5cmWmmvByHNLcr25Kk1N8BGdwK9YgYCEzz2Qmf8EZXlc89GqORzDhR6kHCYbF+CPJBRsX8FJI04tODe31QgvPZbeT1rqB108hcKKHgOyeaJUotic3I/vCY0IBcEjsggB1rCFbVSpafDk02PAyjNJjSWkFULQV0pAmcrCOEESaQukBhUoxWVHx4GUA0SuyKBRciLRbnHTno1trbjCuii4KKiMlRceBk4RcnGggShQ5K9Rowi/KYdy3DumUU0giwhRCLc2EWEJhoqDjwMpqk7GUWPdwCvRfXH1Qjc3kj6rew92ox3wR9U/TSAEgfTK9QNIB7qOFzjjhbWMwXBCaMYtGVh7I7T/H7qOGNxrIKa3Zi/ASS7OBZTNWHO4x9wpHtLcELUlwjJBooBwPu5J+KEcV3I6/6GAmN0oGAE6OJwsYWmJE4DfmpdTkljAQMX8UZRJC6hRHZRtjq0BDWQFK2LsaQeo33I0KXUtYf8+qimEmKo/v/AMRe8a9gBqgPunt5BTXbgoRujdEeCF6Qa0kmq5V7hfA+6Y0VZKLxWFACzdJ/I+63/T/4ntDWBo7JkgiIeeOD/iLXM7W3sQiR2KY7CEbjloUbfRJc457BDc833UTns1rDeHfv/wARjLvxCMfED7LU6hjXhhOTgIDaSEwkcIAOPvDCkawjIVxNNBpPzQeAKDQD9VA27c92532A+AT6ITW2whRF7BTXUjPKOT9go5nnunPc7B6MmaJPTuiqJ1cYHY/v9VCC9sndt/cKI+pqQT2v6qcUUwhNoqRqLg3ACMRd/wBD8k1hbgcKQFjbTBuBTorN90KGHJg24RIVWVqWBrg8crSR75xKezf38othCOncX72HCmILbQJ4CbLmh2Ur6amRbB/ZUTQASUTt4PyUs+9tKGSmkUmdyUWdissNFSOoWo1Ox8pAaFoWbWH6fTwDo9jiOxUsjY3CM/ywEMLTigb7m1HReXH+OPmmSBxvuqPYJ4ItRCPbT0zZmkPdKcSAVJRbaDt7SCt4azcUyPdbR3TGhjQ0dvASRh7aKh0bIn+oTuPAJ7D+lKzZI5qhcdlHt/6oyb2f2Vp9PbS4n6JrQ5wo4KdA5pALuUY6NDKY00q96hlemz07cFL+iguLI70tJE19hwsUodOyLjwetZw75Jo2PJHdE7XWFp3kElppBwiaAR3Rcx4oHLSiW77vv9kS0pzw0kNGVMTtybVENoINs0tI3awn4+EnZvjcEQeU4WQAonhrlG4DlTwgklhpRRy7S0uwmNnebc5MayJlDlSu7J1gJjQLIWm/5jwssdOICrbzwiKymTFoop0lmu6ax1conb3XqABVuNrYXFH3fdC0xuMeF1LKdfxRY3jhNYRynRg4W00mlwTGk5Tm2o2WnkMdfddlozbD/vhdSMApwsUUxw/Q76pzSOVZTMpgzS21yi4RMs8lWXEkpxoYWjFMI8LILYR0e3v3TJSBRyFcbrvCDWdiFbG5vCMzWkgBOJfk5KGBlRnc8HsFpf0eFd+kpvuja45RGEAi0jlWgSmgr9ATnblp8mlC3Y2vDauGm/4VDNuFHlVRQaHBFia1NpqkdZ6aD3pQD2Q8NOzcwogg4TJL5QcgQVeVd46Ffhjffc5Wgb8NqYfTeR2Q5QNIPV2UD0K/Dm1GT8Sio+D4Qi00U61rIt8djkdAghSwOulbUQH9JxUfhXhMdYWpi9N5Hbt7IQF8KMFkYB7BNBOSgK8KRYTMHK1UHqsNcjhDrfTRaev/AKO+XiKTcnpPoxIbbg/Yp8bmHa4UUDStaSD1XWeB7I8LXWSJkjacLC1GmdA6jkHgpjXPcGjkqKMRtDR7I48TJE2VhaVo9KYrc7nj2Sh4Q8H8xvHhRx+WOPCtwa/KKZx4Xv8AkDoUzjwv8h+UQmfp8L3HtkIdW4HhTx+Q3nqPCkWEPIM+Hsl1C+h8TwfYC2dR4h3KHUewEPDuQ49vgofs/wD/xAA3EQABBAAEAgcHBAICAwAAAAABAAIDEQQhMUESUAUQEzJRYXEgIoGRobHRFCMwQAbBQuEzcvD/2gAIAQMBAT8AoKgqCoKgqCoKgqCoKgqCoKgqCoKgqCoKgqCoKgqCoKgqCoKgqCoKgqCoKgqCoKgqCoKgqCoKgqCoKgqH9UNVFUeVhpQamgUgB4KgdkWbhFo25SGK0C1EnbqBOiBtG6RoquTMZlZWQFLiVIBABZKlw7rhy1XCVXJGNsq9giAMkK01TI72To6XZg6ItrIHNBpOiw+Fc856JuEhrRS4aJtkNtS60MkeRxim2gEWlx4WqLBhoonNNwgIQwrS4glHCxblfp4wmRMaryqkEVLCyTVS4EtzvJObRrkIQ0TBemqgheLPDeyYXb/JfqaNbrj6qTSKQQ9jGwhhschaaKjFqD3XkKKTJ3lZTnFWU0W0FFWdkNOpoVHiIQNK1jBbU4Ua5DCd09wsEIE8PVQIoqAjdGixUc0w5dTGtRABKJzTXKQ2KUop3IYSQTSBsppyootTGZoENJTHUzNCjomtpUi4NzQd7xtFthNbQU1g5BTijyGAWU1qY280QFbqyC7N7imN92inDhAKA8ESayTrGSJIKa/LNMcDkpW20rEjkOHF2o6ORQka0a/UflMnj8c/LNGRrtLv0TYpNeF3yTXFmZa4fBMxbC6ifnkmt4rJUs4jb7xXaSPHutJX6ad21fFNgmbq4INeP+X0Us87GkkAhSSF+ZHIMNhxKbc6gpujxE0AOtxvPYj7hRMcH1RWDY10wa4IMY8U4UAu0kaKiYB5nM/LRF+Occ3FQzTs7wJCx7Wuw5eVDg7HC95BOdeHqmYcwYllmwTkSpnSgkBE4kHIlQOnIBeLTmFuqmbUDlhcA+fIb5+ApYvBOw1EkEH+/wD43hIpOg8U97QT+MwhJxUQuDgJCxBIkEg1H/30P3UeIc4gNFk6eKjja13CSCd60+aMZGgQhcTmFjXtkIjBtozd6DQfHRYRxfIXu1OaxEBm/bbkTm31H5UMzJcrp24ORVHQhPhOVfekcS1opx0UrjPTGDI6nyUdRabLF4eKfoSV3COJpu98v7/+O4psXQGK8r+uQWDwcr4nyNGTRZQPFRTmtINrNvd1Ou2XheZWDMjO6c/if9hNbiXtsyBo/wDX/tPge7N0pcPgPssW73uFjeED5k+JWGDg9Yi7aqZiADKwHzITejsM4ZNr4n8qbBRDQUmwsYcgtBkn4d5g7eracvP19EHNHQE0h3y+KH97o/EuZHLBeT6v4FYyMQ9HPDN+H5XmsMban3aohYVxBUcTni3OoIYljWERDIb7lSuD7JzKwpbI+gpaArdQTuYKHyReJPejNeIU0heKVFWapdFl8rHxHS7XSeI7Do92EG7/AKV/fw5qUEp3SLWw9jI3OiCdqUALTwqhdlNjys7rDNDnUFLiO0sDuj6qWUn3RkEGF2RHxWDw/ZPJtYhlvBuvFSbAIzUeJpzVtkbY1GqYA7JPK6NxMWGDu0OZXTchc9oIom3EeHFoPlyATGZjTuFFC+QGQDu5n0RbssUbeANgApHcMQaMuL7ItIFDQIOaLs6qM8YBByUgnD7YUWyGi4o5g0gAVCXNefJEBrgRoUyEyTcA81HIIHCZ2jczaxE7sRK6V2rjyCGYxO4gsV0nLPF2IAa3UgbkaWfLwUL+OMP3WJA7TiG4H2UrQaf5BTShhAA13OnyTpYooyAwFwFqLGQytdUdEeeqgxGHkbZFJ2PgaHENv/Xqm45lUaaTVehUmIkdiHNiNj6Jh98lN95wadljcQ+FwfGacDYPosV0jLihTgAN635HgH5OZ8U53HHR1CYeNhadQnhvDwSNsH6eYTsLJIXOiNgD4j8pomYe0INOGpUfGIyANlDFISQMgfFYbAvnok+6N/TYJgYy2Rir1TiONMdVlY6S3hvh/vkmFfwSgnTT5q6yKjNA2nN420nB501XR81tqUB3qpsDhi7tOGj6r9Fg42ABljXM3msRM98pvJo0TBkXFWCSUCXU1Yz/AM7uSwuDmglB16JrjojEHG1AXRi9kOknaFqGMe8VVJzSTZTnVkNFxU05KBv/ACKxoqd3JcI62V4K3Gyg+1G8g34oSgFEMKMgqqXFWR1KldQKhYXjPRCl0kKlHpyXCGiQmncKRh7zfkmPvRNNBOdSLhVoyWclwuleANkxoYKCjZxEjZdJnilHJYjwvBQCZWmykhF2Mj4hU9tELicMiCqe7IBCFxzJpRAMTRxGlL+3GWjUrHZv5KzvBPaT+4Blv5H8FDVE2EKqgg0Ui0IgJg4imNDViCALOynfxuvk3R2Is0cwRRHop8OYzY0QNhElpTJMkXI+8oWBoQXSJLYCRvlyfAy8EgB0Ka7ibRUkFZhFniqopjMrtMaggdl0u73Gt8TaaxztAi0tyPJcwsDP2sYO+/U5lhGK00UEBv1NC6Vdcob4BR1VbBYnUHkjDWiPvspdHz9lJwnR33TT1EIhAWjkm5rGvLsQ8nxr5KAEizosRoOSwGwpW8LzSwUwmiDt9D6qlSoIBEXkrDNVKRJM4g5EpzwwUESXGzyWJ3A61KA9lhdHYswS0e6dfz1BFVmqXSWLu4WH1/CjyN+CJtDXkrDWR0TzTaHVgek3QDgkHE36hQzMmZxxmwjmqtY/FdgyhqdPLz6ryrqYLctzyRosFWSK64JnwO4ozR+/qsHimYlljIjUJ72xsL3aBTzOnkMjt/YiFuR1PJGbjy6h1wTPgkEjdR9R4LpLHMnAZHpqfX/r2WBHvHkkZpwVVl/CExP7x5IFIKcf4QmaJ/ePJXi2g/whRqTvHkoFxX/AeqE7KXvnkrD+24e2QCLHXGaKk755KzuuHttOyIo9QNFE2SeSs1r2wni23yhhpwKI4SR1j2NW8plG/WzUIINs11R5jNOFHlAHEyusGjaOpQdv1MNFObyiDNi3PWTZJ62mjaIDgiKPJ4NCEdT7cZtqkFi/6f8A/9k=','Ahmad','01323400503','982423','$2a$12$AaGpynMC8x4wQKHFdr0LTuYUkK8EBfdJ3/JEtUiYdL8LEN0wZc5.G',_binary '','USER',_binary '\0'),(6,'373940260','Savings','Mirpur',1000,'2024-09-23','2024-09-16','kamrul@gmail.com','Kamrul','male','123','Islam','1213243134','34234','$2a$10$gLN.I7RKB5708MUJNzkPYObhE.OhjGFQCa2RQZ4Z8OBh4/sW64hk.',_binary '\0','USER',_binary '\0');
/*!40000 ALTER TABLE `users` ENABLE KEYS */;
UNLOCK TABLES;
/*!40103 SET TIME_ZONE=@OLD_TIME_ZONE */;

/*!40101 SET SQL_MODE=@OLD_SQL_MODE */;
/*!40014 SET FOREIGN_KEY_CHECKS=@OLD_FOREIGN_KEY_CHECKS */;
/*!40014 SET UNIQUE_CHECKS=@OLD_UNIQUE_CHECKS */;
/*!40101 SET CHARACTER_SET_CLIENT=@OLD_CHARACTER_SET_CLIENT */;
/*!40101 SET CHARACTER_SET_RESULTS=@OLD_CHARACTER_SET_RESULTS */;
/*!40101 SET COLLATION_CONNECTION=@OLD_COLLATION_CONNECTION */;
/*!40111 SET SQL_NOTES=@OLD_SQL_NOTES */;

-- Dump completed on 2024-09-24  0:43:15
